[2026-09-19 11:14:11] [SUCCESS] Dòng log test WebSocket
[2026-09-19 11:14:25] [INFO] --- [CHU KỲ #41] ---
[2026-09-19 11:14:25] [BLANK] 
[2026-09-19 11:14:25] [EMAIL] [2026-09-19 11:14:25] 🔍 Đang quét hòm thư 'INBOX' tìm thư chưa đọc...
[2026-09-19 11:14:25] [BLANK] 
[2026-09-19 11:14:27] [EMAIL]     -> Hộp thư sạch sẽ! Không có thư mới chưa đọc.
[2026-09-19 11:14:27] [BLANK] 
[2026-09-19 11:14:27] [INFO] ⏳ Nghỉ 15 giây trước lần quét tiếp theo...
[2026-09-19 11:14:27] [BLANK] 
[2026-09-19 11:14:42] [INFO] --- [CHU KỲ #42] ---
[2026-09-19 11:14:42] [BLANK] 
[2026-09-19 11:14:42] [EMAIL] [2026-09-19 11:14:42] 🔍 Đang quét hòm thư 'INBOX' tìm thư chưa đọc...
[2026-09-19 11:14:42] [BLANK] 
[2026-09-19 11:14:42] [INFO] INFO:     Shutting down
[2026-09-19 11:14:42] [BLANK] 
[2026-09-19 11:14:42] [BLANK] 
[2026-09-19 11:14:42] [INFO] INFO:     Waiting for application shutdown.
[2026-09-19 11:14:42] [BLANK] 
[2026-09-19 11:14:42] [INFO] INFO:     Application shutdown complete.
[2026-09-19 11:14:42] [BLANK] 
[2026-09-19 11:14:42] [INFO] INFO:     Finished server process [936]
[2026-09-19 11:14:42] [BLANK] 
[2026-09-19 11:14:44] [EMAIL]     -> Hộp thư sạch sẽ! Không có thư mới chưa đọc.
[2026-09-19 11:14:44] [BLANK] 
[2026-09-19 11:14:44] [BLANK] 
[2026-09-19 11:14:44] [BLANK] 
[2026-09-19 11:14:51] [INFO] INFO:     Started server process [34704]
[2026-09-19 11:14:51] [BLANK] 
[2026-09-19 11:14:51] [INFO] INFO:     Waiting for application startup.
[2026-09-19 11:14:51] [BLANK] 
[2026-09-19 11:14:51] [DIVIDER] ===========================================================================
[2026-09-19 11:14:51] [BLANK] 
[2026-09-19 11:14:51] [INFO] 🌐 [FASTAPI LOG VIEWER] Khởi chạy thành công máy chủ Web xem Log!
[2026-09-19 11:14:51] [BLANK] 
[2026-09-19 11:14:51] [INFO] 👉 Mở trình duyệt truy cập: http://127.0.0.1:8000
[2026-09-19 11:14:51] [BLANK] 
[2026-09-19 11:14:51] [DIVIDER] ===========================================================================
[2026-09-19 11:14:51] [BLANK] 
[2026-09-19 11:14:51] [BLANK] 
[2026-09-19 11:14:51] [DIVIDER] ===========================================================================
[2026-09-19 11:14:51] [BLANK] 
[2026-09-19 11:14:51] [EMAIL]  🤖 HỆ THỐNG TỰ ĐỘNG THEO DÕI EMAIL & PHẢN HỒI BẰNG AI MULTI-AGENT
[2026-09-19 11:14:51] [BLANK] 
[2026-09-19 11:14:51] [DIVIDER] ===========================================================================
[2026-09-19 11:14:51] [BLANK] 
[2026-09-19 11:14:51] [SVD]  • Tài khoản hòm thư : msbservicedesk2026@gmail.com
[2026-09-19 11:14:51] [BLANK] 
[2026-09-19 11:14:51] [EMAIL]  • Máy chủ IMAP/SMTP : imap.gmail.com:993 / smtp.gmail.com:587
[2026-09-19 11:14:51] [BLANK] 
[2026-09-19 11:14:51] [EMAIL]  • Thư mục quét      : INBOX
[2026-09-19 11:14:51] [BLANK] 
[2026-09-19 11:14:51] [INFO]  • Chu kỳ kiểm tra   : 15 giây/lần
[2026-09-19 11:14:51] [BLANK] 
[2026-09-19 11:14:51] [INFO]  • Agent AI          : IT Support
[2026-09-19 11:14:51] [BLANK] 
[2026-09-19 11:14:51] [DIVIDER] ===========================================================================
[2026-09-19 11:14:51] [BLANK] 
[2026-09-19 11:14:51] [INFO]  Nhấn Ctrl + C bất cứ lúc nào để dừng chương trình an toàn.
[2026-09-19 11:14:51] [BLANK] 
[2026-09-19 11:14:51] [INFO] [CHẾ ĐỘ TỰ ĐỘNG ĐỊNH KỲ] Quét mỗi 15 giây một lần...
[2026-09-19 11:14:51] [BLANK] 
[2026-09-19 11:14:51] [INFO] --- [CHU KỲ #1] ---
[2026-09-19 11:14:51] [BLANK] 
[2026-09-19 11:14:51] [EMAIL] [2026-09-19 11:14:51] 🔍 Đang quét hòm thư 'INBOX' tìm thư chưa đọc...
[2026-09-19 11:14:51] [INFO] INFO:     Application startup complete.
[2026-09-19 11:14:51] [BLANK] 
[2026-09-19 11:14:51] [BLANK] 
[2026-09-19 11:14:51] [INFO] INFO:     Uvicorn running on http://0.0.0.0:8000 (Press CTRL+C to quit)
[2026-09-19 11:14:51] [BLANK] 
[2026-09-19 11:14:53] [EMAIL]     -> Hộp thư sạch sẽ! Không có thư mới chưa đọc.
[2026-09-19 11:14:53] [BLANK] 
[2026-09-19 11:14:53] [INFO] ⏳ Nghỉ 15 giây trước lần quét tiếp theo...
[2026-09-19 11:14:53] [BLANK] 
[2026-09-19 11:15:08] [INFO] --- [CHU KỲ #2] ---
[2026-09-19 11:15:08] [BLANK] 
[2026-09-19 11:15:08] [EMAIL] [2026-09-19 11:15:08] 🔍 Đang quét hòm thư 'INBOX' tìm thư chưa đọc...
[2026-09-19 11:15:08] [BLANK] 
[2026-09-19 11:15:10] [EMAIL]     -> Hộp thư sạch sẽ! Không có thư mới chưa đọc.
[2026-09-19 11:15:10] [BLANK] 
[2026-09-19 11:15:10] [INFO] ⏳ Nghỉ 15 giây trước lần quét tiếp theo...
[2026-09-19 11:15:10] [BLANK] 
[2026-09-19 11:15:11] [BLANK] 
[2026-09-19 11:15:11] [EMAIL] 🚀 [AI AGENT SERVICE DESK] Tiếp nhận email từ user@company.com | Tiêu đề: 'Tài khoản portal của tôi (user@company.com) bị khóa do nhập sai mật kh'...
[2026-09-19 11:15:11] [BLANK] 
[2026-09-19 11:15:11] [BLANK] 
[2026-09-19 11:15:11] [DIVIDER] ======================================================================
[2026-09-19 11:15:11] [BLANK] 
[2026-09-19 11:15:12] [STEP] 🔹 [BƯỚC 1: USER REQUEST] TIẾP NHẬN YÊU CẦU NGÔN NGỮ TỰ NHIÊN
[2026-09-19 11:15:12] [BLANK] 
[2026-09-19 11:15:12] [DIVIDER] ======================================================================
[2026-09-19 11:15:12] [BLANK] 
[2026-09-19 11:15:12] [INFO]  • Người gửi   : Anh/Chị <user@company.com>
[2026-09-19 11:15:12] [BLANK] 
[2026-09-19 11:15:12] [INFO]  • Tiêu đề     : Tài khoản portal của tôi (user@company.com) bị khóa do nhập sai mật kh
[2026-09-19 11:15:12] [BLANK] 
[2026-09-19 11:15:12] [INFO]  • Nội dung gốc: Tài khoản portal của tôi (user@company.com) bị khóa do nhập sai mật khẩu quá 5 lần sáng nay. Tôi cần...
[2026-09-19 11:15:12] [BLANK] 
[2026-09-19 11:15:12] [SUCCESS] ✅ [KB_ENGINE] Đã nạp thành công 6 bản ghi cài đặt phần mềm từ sheet 'ServiceRequest' (Optimized_IT_KnowledgeBase_v1.2.xlsx).
[2026-09-19 11:15:12] [BLANK] 
[2026-09-19 11:15:14] [ERROR] Direct use of automatic function calling (AFC) in Models.generate_content is not recommended. Instead, we recommend to use AFC in Chat.send_message. Similarly, direct use of AFC in Models.generate_content_stream is not recommended. Instead, we recommend to use AFC in Chat.send_message_stream.
[2026-09-19 11:15:14] [BLANK] 
[2026-09-19 11:15:15] [BLANK] 
[2026-09-19 11:15:15] [DIVIDER] ======================================================================
[2026-09-19 11:15:15] [BLANK] 
[2026-09-19 11:15:15] [INFO] 🧭 [CENTER ROUTER] ĐIỀU PHỐI QUY TRÌNH HỆ THỐNG
[2026-09-19 11:15:15] [BLANK] 
[2026-09-19 11:15:15] [DIVIDER] ======================================================================
[2026-09-19 11:15:15] [BLANK] 
[2026-09-19 11:15:15] [INFO]  • Phân nhánh Subflow : 🛠️ SUBFLOW A: XỬ LÝ SỰ CỐ
[2026-09-19 11:15:15] [BLANK] 
[2026-09-19 11:15:15] [INFO]  • Lý do định tuyến   : Tài khoản portal bị khóa do nhập sai mật khẩu là sự cố kỹ thuật liên quan đến quyền truy cập hệ thống.
[2026-09-19 11:15:15] [BLANK] 
[2026-09-19 11:15:16] [SUCCESS] ✅ [KB_ENGINE] Đã nạp thành công 15 bản ghi sự cố từ sheet 'IncidentReport' (Optimized_IT_KnowledgeBase_v1.2.xlsx).
[2026-09-19 11:15:16] [BLANK] 
[2026-09-19 11:15:19] [BLANK] 
[2026-09-19 11:15:19] [DIVIDER] ======================================================================
[2026-09-19 11:15:19] [BLANK] 
[2026-09-19 11:15:19] [STEP] 🔹 [BƯỚC 2: INTENT] XÁC ĐỊNH LOẠI VẤN ĐỀ & TRẠNG THÁI GIẢI QUYẾT
[2026-09-19 11:15:19] [BLANK] 
[2026-09-19 11:15:19] [DIVIDER] ======================================================================
[2026-09-19 11:15:19] [BLANK] 
[2026-09-19 11:15:19] [INFO]  • Trạng thái giải quyết: 🔄 VẪN CẦN HỖ TRỢ (IN PROGRESS)
[2026-09-19 11:15:19] [BLANK] 
[2026-09-19 11:15:19] [INFO]  • Nhóm (Category)      : Network / Authentication
[2026-09-19 11:15:19] [BLANK] 
[2026-09-19 11:15:19] [SUCCESS]  • Ý định (Intent)      : Network Password Authentication
[2026-09-19 11:15:19] [BLANK] 
[2026-09-19 11:15:19] [INFO]  • Mức ưu tiên          : HIGH
[2026-09-19 11:15:19] [BLANK] 
[2026-09-19 11:15:19] [INFO]  • Tóm tắt vấn đề       : Tài khoản portal của người dùng bị khóa do nhập sai mật khẩu quá 5 lần và cần được cấp lại mật khẩu gấp để xử lý công việc.
[2026-09-19 11:15:19] [BLANK] 
[2026-09-19 11:15:22] [BLANK] 
[2026-09-19 11:15:22] [DIVIDER] ======================================================================
[2026-09-19 11:15:22] [BLANK] 
[2026-09-19 11:15:22] [STEP] 🔹 [BƯỚC 3: CONTEXT] THU THẬP THÔNG TIN CẦN THIẾT
[2026-09-19 11:15:22] [BLANK] 
[2026-09-19 11:15:22] [DIVIDER] ======================================================================
[2026-09-19 11:15:22] [BLANK] 
[2026-09-19 11:15:22] [SUCCESS]  • Tiêu chuẩn yêu cầu (Required) : UserID, PasswordChanged, SignIn Status
[2026-09-19 11:15:22] [BLANK] 
[2026-09-19 11:15:22] [INFO]  • Mã người dùng (UserID)        : user@company.com
[2026-09-19 11:15:22] [BLANK] 
[2026-09-19 11:15:22] [INFO]  • Môi trường / Thiết bị         : Chưa rõ
[2026-09-19 11:15:22] [BLANK] 
[2026-09-19 11:15:22] [INFO]  • Trạng thái / Mã lỗi           : Tài khoản portal bị khóa do nhập sai mật khẩu quá 5 lần.
[2026-09-19 11:15:22] [BLANK] 
[2026-09-19 11:15:22] [SUCCESS]  • Thông tin còn thiếu           : PasswordChanged
[2026-09-19 11:15:22] [BLANK] 
[2026-09-19 11:15:22] [SUCCESS]  • Tóm lược ngữ cảnh             : Người dùng user@company.com bị khóa tài khoản portal do nhập sai mật khẩu quá 5 lần vào sáng nay và cần cấp lại mật khẩu gấp để xử lý chứng từ. Hệ thống chưa ghi nhận thông tin về trạng thái thay đổi mật khẩu (PasswordChanged) và môi trường thiết bị.
[2026-09-19 11:15:22] [BLANK] 
[2026-09-19 11:15:22] [BLANK] 
[2026-09-19 11:15:22] [DIVIDER] ======================================================================
[2026-09-19 11:15:22] [BLANK] 
[2026-09-19 11:15:22] [STEP] 🔹 [BƯỚC 4: KNOWLEDGE] TÌM KIẾM KB / SOP & TICKET TƯƠNG TỰ
[2026-09-19 11:15:22] [BLANK] 
[2026-09-19 11:15:22] [DIVIDER] ======================================================================
[2026-09-19 11:15:22] [BLANK] 
[2026-09-19 11:15:22] [INFO]  • Mã tri thức (KB_ID)     : NET-02.1
[2026-09-19 11:15:22] [BLANK] 
[2026-09-19 11:15:22] [SUCCESS]  • Quy trình / Phân loại   : Network / Authentication -> Network Password Authentication
[2026-09-19 11:15:22] [BLANK] 
[2026-09-19 11:15:22] [SUCCESS]  • Điều kiện chuẩn (IF)    : User vừa đổi mật khẩu hoặc Password hết hạn
[2026-09-19 11:15:22] [BLANK] 
[2026-09-19 11:15:22] [SUCCESS]  • Nguyên nhân gốc (THEN)  : Password Authentication Failure
[2026-09-19 11:15:22] [BLANK] 
[2026-09-19 11:15:22] [SUCCESS]  • Hướng xử lý chuẩn (SOP) : Hướng dẫn Reset password / Xóa profile Wifi cũ kết nối lại
[2026-09-19 11:15:22] [BLANK] 
[2026-09-19 11:15:22] [INFO]  • Đội ngũ phụ trách       : Network Team
[2026-09-19 11:15:22] [BLANK] 
[2026-09-19 11:15:22] [SVD]  • Tìm thấy 2 Ticket tương tự trong quá khứ:
[2026-09-19 11:15:22] [BLANK] 
[2026-09-19 11:15:22] [INFO]    - [INC-20260919-6084] Tài khoản portal của tôi bị khóa do nhập sai mật khẩu quá 5 lần sáng n -> ESCALATED_TIER_2
[2026-09-19 11:15:22] [BLANK] 
[2026-09-19 11:15:22] [INFO]    - [INC-20260913-8328] Cần hỗ trợ reset mật khẩu VPN và tài khoản máy tính -> ESCALATED_TIER_2
[2026-09-19 11:15:22] [BLANK] 
[2026-09-19 11:15:26] [INFO] --- [CHU KỲ #3] ---
[2026-09-19 11:15:26] [BLANK] 
[2026-09-19 11:15:26] [EMAIL] [2026-09-19 11:15:26] 🔍 Đang quét hòm thư 'INBOX' tìm thư chưa đọc...
[2026-09-19 11:15:26] [BLANK] 
[2026-09-19 11:15:26] [BLANK] 
[2026-09-19 11:15:26] [DIVIDER] ======================================================================
[2026-09-19 11:15:26] [BLANK] 
[2026-09-19 11:15:26] [STEP] 🔹 [BƯỚC 5: DIAGNOSTIC] PHÂN TÍCH TRIỆU CHỨNG & NGUYÊN NHÂN
[2026-09-19 11:15:26] [BLANK] 
[2026-09-19 11:15:26] [DIVIDER] ======================================================================
[2026-09-19 11:15:26] [BLANK] 
[2026-09-19 11:15:26] [SUCCESS]  • Kiểm tra điều kiện (IF)  : Không đạt, vì người dùng bị khóa tài khoản do nhập sai mật khẩu quá 5 lần, không phải do vừa đổi mật khẩu hay password hết hạn theo điều kiện IF trong Knowledge Base.
[2026-09-19 11:15:26] [BLANK] 
[2026-09-19 11:15:26] [INFO]  • Nguyên nhân cốt lõi (THEN): Account Lockout do nhập sai mật khẩu vượt quá số lần cho phép (quá 5 lần).
[2026-09-19 11:15:26] [BLANK] 
[2026-09-19 11:15:26] [INFO]  • Khả năng tự xử lý (Self) : Cần IT can thiệp trực tiếp (Escalation)
[2026-09-19 11:15:26] [BLANK] 
[2026-09-19 11:15:26] [INFO]  • Tóm lược chẩn đoán       : Tài khoản portal của bạn đã bị khóa an toàn do nhập sai mật khẩu quá 5 lần. Trường hợp này cần kỹ sư IT can thiệp trực tiếp để mở khóa tài khoản và cấp lại mật khẩu tạm thời.
[2026-09-19 11:15:26] [BLANK] 
[2026-09-19 11:15:28] [EMAIL]     -> Hộp thư sạch sẽ! Không có thư mới chưa đọc.
[2026-09-19 11:15:28] [BLANK] 
[2026-09-19 11:15:28] [INFO] ⏳ Nghỉ 15 giây trước lần quét tiếp theo...
[2026-09-19 11:15:28] [BLANK] 
[2026-09-19 11:15:32] [BLANK] 
[2026-09-19 11:15:32] [DIVIDER] ======================================================================
[2026-09-19 11:15:32] [BLANK] 
[2026-09-19 11:15:32] [STEP] 🔹 [BƯỚC 6: RECOMMENDATION] ĐƯA RA HƯỚNG XỬ LÝ & GIẢI PHÁP
[2026-09-19 11:15:32] [BLANK] 
[2026-09-19 11:15:32] [DIVIDER] ======================================================================
[2026-09-19 11:15:32] [BLANK] 
[2026-09-19 11:15:32] [SUCCESS]  • Hành động chuẩn (SOP) : Hướng dẫn Reset password / Xóa profile Wifi cũ kết nối lại
[2026-09-19 11:15:32] [BLANK] 
[2026-09-19 11:15:32] [INFO]  • Hướng dẫn chi tiết (Trích đoạn):
[2026-09-19 11:15:32] [INFO] Chào anh/chị,
[2026-09-19 11:15:32] [BLANK] 
[2026-09-19 11:15:32] [INFO] Tôi là Chuyên viên Hỗ trợ Cấp cao IT Service Desk. Tôi rất thấu hiểu sự gấp gáp của anh/chị trong việc xử lý chứng từ cho khách hàng khi tài khoản bị khóa. 
[2026-09-19 11:15:32] [BLANK] 
[2026-09-19 11:15:32] [INFO] Dựa trên thông tin anh/chị ...
[2026-09-19 11:15:32] [BLANK] 
[2026-09-19 11:15:32] [SVD] 🆕 [TICKET_SYSTEM] Phát hiện sự cố mới hoàn toàn -> Tiến hành tạo Ticket mới trên ServiceDesk Plus...
[2026-09-19 11:15:32] [BLANK] 
[2026-09-19 11:15:32] [SVD] 🌐 [SVD_UTILS] Đang gửi yêu cầu tạo Ticket lên ServiceDesk (https://49.213.71.61:8089)...
[2026-09-19 11:15:32] [BLANK] 
[2026-09-19 11:15:32] [SUCCESS] ✅ [SVD_UTILS THÀNH CÔNG] Đã tạo Ticket mới thực tế ID: #140
[2026-09-19 11:15:32] [BLANK] 
[2026-09-19 11:15:32] [SVD] 🔗 [SVD LINK]: https://49.213.71.61:8089/WorkOrder.do?woMode=viewWO&woID=140
[2026-09-19 11:15:32] [BLANK] 
[2026-09-19 11:15:33] [SVD] 💾 [TICKET_SYSTEM] Đã lưu Ticket mới và nội dung email vào database nội bộ.
[2026-09-19 11:15:33] [BLANK] 
[2026-09-19 11:15:33] [BLANK] 
[2026-09-19 11:15:33] [DIVIDER] ======================================================================
[2026-09-19 11:15:33] [BLANK] 
[2026-09-19 11:15:33] [STEP] 🔹 [BƯỚC 7: TICKET] XỬ LÝ VÒNG ĐỜI TICKET HỖ TRỢ IT
[2026-09-19 11:15:33] [BLANK] 
[2026-09-19 11:15:33] [DIVIDER] ======================================================================
[2026-09-19 11:15:33] [BLANK] 
[2026-09-19 11:15:33] [SVD]  • Hành động thực hiện   : CREATED_NEW_TICKET
[2026-09-19 11:15:33] [BLANK] 
[2026-09-19 11:15:33] [SVD]  • Mã Ticket (TicketID)  : SVD-140
[2026-09-19 11:15:33] [BLANK] 
[2026-09-19 11:15:33] [SVD]  • ServiceDesk ID        : #140
[2026-09-19 11:15:33] [BLANK] 
[2026-09-19 11:15:33] [INFO]  • Đội ngũ phụ trách     : Network Team
[2026-09-19 11:15:33] [BLANK] 
[2026-09-19 11:15:33] [INFO]  • Mức ưu tiên           : HIGH
[2026-09-19 11:15:33] [BLANK] 
[2026-09-19 11:15:33] [SVD]  • Trạng thái Ticket     : ESCALATED_TIER_2
[2026-09-19 11:15:33] [BLANK] 
[2026-09-19 11:15:33] [SVD]  • Link ServiceDesk      : https://49.213.71.61:8089/WorkOrder.do?woMode=viewWO&woID=140
[2026-09-19 11:15:33] [BLANK] 
[2026-09-19 11:15:33] [SVD]  • Cơ sở dữ liệu Ticket  : data/tickets_db.json
[2026-09-19 11:15:33] [BLANK] 
[2026-09-19 11:15:33] [INFO] 💾 [KNOWLEDGE FEEDBACK] Đã cập nhật kết quả xử lý vào kho dữ liệu tri thức 'data/resolutions_history.json'.
[2026-09-19 11:15:33] [BLANK] 
[2026-09-19 11:15:33] [BLANK] 
[2026-09-19 11:15:33] [DIVIDER] ======================================================================
[2026-09-19 11:15:33] [BLANK] 
[2026-09-19 11:15:33] [STEP] 🔹 [BƯỚC 8: RESOLUTION] LƯU TRI THỨC & ĐÓNG GÓI EMAIL PHẢN HỒI
[2026-09-19 11:15:33] [BLANK] 
[2026-09-19 11:15:33] [DIVIDER] ======================================================================
[2026-09-19 11:15:33] [BLANK] 
[2026-09-19 11:15:33] [SVD]  • Mã Ticket         : SVD-140
[2026-09-19 11:15:33] [BLANK] 
[2026-09-19 11:15:33] [SVD]  • Tiêu đề phản hồi  : Re: [SVD-140] Tài khoản portal của tôi (user@company.com) bị khóa do nhập sai mật kh
[2026-09-19 11:15:33] [BLANK] 
[2026-09-19 11:15:33] [INFO]  • Cập nhật lịch sử  : data/resolutions_history.json
[2026-09-19 11:15:33] [BLANK] 
[2026-09-19 11:15:33] [EMAIL]  • Email phản hồi (HTML & Plain Text) đã sẵn sàng để gửi.
[2026-09-19 11:15:33] [BLANK] 
[2026-09-19 11:15:33] [BLANK] 
[2026-09-19 11:15:33] [SUCCESS] 🎯 [HOÀN TẤT - SUBFLOW A: XỬ LÝ SỰ CỐ] Ticket: SVD-140 | Đội ngũ: Network Team | Trạng thái: ESCALATED_TIER_2
[2026-09-19 11:15:33] [BLANK] 
[2026-09-19 11:15:43] [INFO] --- [CHU KỲ #4] ---
[2026-09-19 11:15:43] [BLANK] 
[2026-09-19 11:15:43] [EMAIL] [2026-09-19 11:15:43] 🔍 Đang quét hòm thư 'INBOX' tìm thư chưa đọc...
[2026-09-19 11:15:43] [BLANK] 
[2026-09-19 11:15:45] [EMAIL]     -> Hộp thư sạch sẽ! Không có thư mới chưa đọc.
[2026-09-19 11:15:45] [BLANK] 
[2026-09-19 11:15:45] [INFO] ⏳ Nghỉ 15 giây trước lần quét tiếp theo...
[2026-09-19 11:15:45] [BLANK] 
[2026-09-19 11:16:00] [INFO] --- [CHU KỲ #5] ---
[2026-09-19 11:16:00] [BLANK] 
[2026-09-19 11:16:00] [EMAIL] [2026-09-19 11:16:00] 🔍 Đang quét hòm thư 'INBOX' tìm thư chưa đọc...
[2026-09-19 11:16:00] [BLANK] 
[2026-09-19 11:16:03] [EMAIL]     -> Hộp thư sạch sẽ! Không có thư mới chưa đọc.
[2026-09-19 11:16:03] [BLANK] 
[2026-09-19 11:16:03] [INFO] ⏳ Nghỉ 15 giây trước lần quét tiếp theo...
[2026-09-19 11:16:03] [BLANK] 
[2026-09-19 11:16:03] [BLANK] 
[2026-09-19 11:16:03] [EMAIL] 🚀 [AI AGENT SERVICE DESK] Tiếp nhận email từ user@company.com | Tiêu đề: 'Máy tính cắm dây LAN ở văn phòng báo No Internet và không vào được tra'...
[2026-09-19 11:16:03] [BLANK] 
[2026-09-19 11:16:03] [BLANK] 
[2026-09-19 11:16:03] [DIVIDER] ======================================================================
[2026-09-19 11:16:03] [BLANK] 
[2026-09-19 11:16:03] [STEP] 🔹 [BƯỚC 1: USER REQUEST] TIẾP NHẬN YÊU CẦU NGÔN NGỮ TỰ NHIÊN
[2026-09-19 11:16:03] [BLANK] 
[2026-09-19 11:16:03] [DIVIDER] ======================================================================
[2026-09-19 11:16:03] [BLANK] 
[2026-09-19 11:16:03] [INFO]  • Người gửi   : Anh/Chị <user@company.com>
[2026-09-19 11:16:03] [BLANK] 
[2026-09-19 11:16:03] [INFO]  • Tiêu đề     : Máy tính cắm dây LAN ở văn phòng báo No Internet và không vào được tra
[2026-09-19 11:16:03] [BLANK] 
[2026-09-19 11:16:03] [INFO]  • Nội dung gốc: Máy tính cắm dây LAN ở văn phòng báo No Internet và không vào được trang nội bộ. Nhờ kiểm tra mạng N...
[2026-09-19 11:16:03] [BLANK] 
[2026-09-19 11:16:07] [BLANK] 
[2026-09-19 11:16:07] [DIVIDER] ======================================================================
[2026-09-19 11:16:07] [BLANK] 
[2026-09-19 11:16:07] [INFO] 🧭 [CENTER ROUTER] ĐIỀU PHỐI QUY TRÌNH HỆ THỐNG
[2026-09-19 11:16:07] [BLANK] 
[2026-09-19 11:16:07] [DIVIDER] ======================================================================
[2026-09-19 11:16:07] [BLANK] 
[2026-09-19 11:16:07] [INFO]  • Phân nhánh Subflow : 🛠️ SUBFLOW A: XỬ LÝ SỰ CỐ
[2026-09-19 11:16:07] [BLANK] 
[2026-09-19 11:16:07] [INFO]  • Lý do định tuyến   : Máy tính bị lỗi mất kết nối mạng LAN (báo No Internet) và không truy cập được hệ thống, đây là sự cố kỹ thuật.
[2026-09-19 11:16:07] [BLANK] 
[2026-09-19 11:16:10] [BLANK] 
[2026-09-19 11:16:10] [DIVIDER] ======================================================================
[2026-09-19 11:16:10] [BLANK] 
[2026-09-19 11:16:10] [STEP] 🔹 [BƯỚC 2: INTENT] XÁC ĐỊNH LOẠI VẤN ĐỀ & TRẠNG THÁI GIẢI QUYẾT
[2026-09-19 11:16:10] [BLANK] 
[2026-09-19 11:16:10] [DIVIDER] ======================================================================
[2026-09-19 11:16:10] [BLANK] 
[2026-09-19 11:16:10] [INFO]  • Trạng thái giải quyết: 🔄 VẪN CẦN HỖ TRỢ (IN PROGRESS)
[2026-09-19 11:16:10] [BLANK] 
[2026-09-19 11:16:10] [INFO]  • Nhóm (Category)      : Network / NAC
[2026-09-19 11:16:10] [BLANK] 
[2026-09-19 11:16:10] [INFO]  • Ý định (Intent)      : NAC Authentication Issue
[2026-09-19 11:16:10] [BLANK] 
[2026-09-19 11:16:10] [INFO]  • Mức ưu tiên          : MEDIUM
[2026-09-19 11:16:10] [BLANK] 
[2026-09-19 11:16:10] [INFO]  • Tóm tắt vấn đề       : Người dùng báo máy tính cắm dây LAN bị lỗi No Internet và không truy cập được trang nội bộ, nhờ kiểm tra lại mạng NAC.
[2026-09-19 11:16:10] [BLANK] 
[2026-09-19 11:16:14] [BLANK] 
[2026-09-19 11:16:14] [DIVIDER] ======================================================================
[2026-09-19 11:16:14] [BLANK] 
[2026-09-19 11:16:14] [STEP] 🔹 [BƯỚC 3: CONTEXT] THU THẬP THÔNG TIN CẦN THIẾT
[2026-09-19 11:16:14] [BLANK] 
[2026-09-19 11:16:14] [DIVIDER] ======================================================================
[2026-09-19 11:16:14] [BLANK] 
[2026-09-19 11:16:14] [INFO]  • Tiêu chuẩn yêu cầu (Required) : UserID, Wifi/LAN, SignIn Status, Current IP
[2026-09-19 11:16:14] [BLANK] 
[2026-09-19 11:16:14] [INFO]  • Mã người dùng (UserID)        : user@company.com
[2026-09-19 11:16:14] [BLANK] 
[2026-09-19 11:16:14] [INFO]  • Môi trường / Thiết bị         : LAN (tại văn phòng)
[2026-09-19 11:16:14] [BLANK] 
[2026-09-19 11:16:14] [INFO]  • Trạng thái / Mã lỗi           : Máy tính báo "No Internet", không vào được trang nội bộ, nghi ngờ liên quan đến hệ thống mạng NAC.
[2026-09-19 11:16:14] [BLANK] 
[2026-09-19 11:16:14] [INFO]  • Thông tin còn thiếu           : SignIn Status, Current IP
[2026-09-19 11:16:14] [BLANK] 
[2026-09-19 11:16:14] [INFO]  • Tóm lược ngữ cảnh             : Người dùng dùng mạng dây LAN tại văn phòng gặp sự cố mất kết nối internet và nội bộ (báo No Internet), yêu cầu kiểm tra hệ thống NAC. Thiếu thông tin về trạng thái đăng nhập và địa chỉ IP hiện tại.
[2026-09-19 11:16:14] [BLANK] 
[2026-09-19 11:16:14] [BLANK] 
[2026-09-19 11:16:14] [DIVIDER] ======================================================================
[2026-09-19 11:16:14] [BLANK] 
[2026-09-19 11:16:14] [STEP] 🔹 [BƯỚC 4: KNOWLEDGE] TÌM KIẾM KB / SOP & TICKET TƯƠNG TỰ
[2026-09-19 11:16:14] [BLANK] 
[2026-09-19 11:16:14] [DIVIDER] ======================================================================
[2026-09-19 11:16:14] [BLANK] 
[2026-09-19 11:16:14] [INFO]  • Mã tri thức (KB_ID)     : NET-01.1
[2026-09-19 11:16:14] [BLANK] 
[2026-09-19 11:16:14] [INFO]  • Quy trình / Phân loại   : Network / NAC -> NAC Authentication Issue
[2026-09-19 11:16:14] [BLANK] 
[2026-09-19 11:16:14] [INFO]  • Điều kiện chuẩn (IF)    : Dùng LAN/Wifi nhưng SignIn chưa thực hiện
[2026-09-19 11:16:14] [BLANK] 
[2026-09-19 11:16:14] [INFO]  • Nguyên nhân gốc (THEN)  : NAC Authentication Missing
[2026-09-19 11:16:14] [BLANK] 
[2026-09-19 11:16:14] [INFO]  • Hướng xử lý chuẩn (SOP) : Hướng dẫn User Sign In mạng
[2026-09-19 11:16:14] [BLANK] 
[2026-09-19 11:16:14] [INFO]  • Đội ngũ phụ trách       : Network Team
[2026-09-19 11:16:14] [BLANK] 
[2026-09-19 11:16:14] [SVD]  • Tìm thấy 2 Ticket tương tự trong quá khứ:
[2026-09-19 11:16:14] [BLANK] 
[2026-09-19 11:16:14] [SVD]    - [SVD-135] Máy tính cắm dây LAN ở văn phòng báo No Internet và không vào được tra -> RESOLVED_BY_AI
[2026-09-19 11:16:14] [BLANK] 
[2026-09-19 11:16:14] [INFO]    - [INC-20260913-6793] Không vào được mạng nội bộ -> ESCALATED_TIER_2
[2026-09-19 11:16:14] [BLANK] 
[2026-09-19 11:16:18] [INFO] --- [CHU KỲ #6] ---
[2026-09-19 11:16:18] [BLANK] 
[2026-09-19 11:16:18] [EMAIL] [2026-09-19 11:16:18] 🔍 Đang quét hòm thư 'INBOX' tìm thư chưa đọc...
[2026-09-19 11:16:18] [BLANK] 
[2026-09-19 11:16:18] [BLANK] 
[2026-09-19 11:16:18] [DIVIDER] ======================================================================
[2026-09-19 11:16:18] [BLANK] 
[2026-09-19 11:16:18] [STEP] 🔹 [BƯỚC 5: DIAGNOSTIC] PHÂN TÍCH TRIỆU CHỨNG & NGUYÊN NHÂN
[2026-09-19 11:16:18] [BLANK] 
[2026-09-19 11:16:18] [DIVIDER] ======================================================================
[2026-09-19 11:16:18] [BLANK] 
[2026-09-19 11:16:18] [INFO]  • Kiểm tra điều kiện (IF)  : Đạt. Triệu chứng cắm LAN báo "No Internet" và không vào được trang nội bộ trong môi trường có NAC hoàn toàn khớp với điều kiện chưa thực hiện SignIn.
[2026-09-19 11:16:18] [BLANK] 
[2026-09-19 11:16:18] [INFO]  • Nguyên nhân cốt lõi (THEN): NAC Authentication Missing
[2026-09-19 11:16:18] [BLANK] 
[2026-09-19 11:16:18] [INFO]  • Khả năng tự xử lý (Self) : Có thể tự khắc phục (Self-service)
[2026-09-19 11:16:18] [BLANK] 
[2026-09-19 11:16:18] [INFO]  • Tóm lược chẩn đoán       : Máy tính chưa thực hiện xác thực (Sign In) trên hệ thống mạng NAC của văn phòng, dẫn đến việc bị chặn kết nối Internet và nội bộ. Bạn có thể tự khắc phục bằng cách mở trình duyệt để thực hiện đăng nhập xác thực mạng theo hướng dẫn.
[2026-09-19 11:16:18] [BLANK] 
[2026-09-19 11:16:20] [EMAIL]     -> Hộp thư sạch sẽ! Không có thư mới chưa đọc.
[2026-09-19 11:16:20] [BLANK] 
[2026-09-19 11:16:20] [INFO] ⏳ Nghỉ 15 giây trước lần quét tiếp theo...
[2026-09-19 11:16:20] [BLANK] 
[2026-09-19 11:16:25] [BLANK] 
[2026-09-19 11:16:25] [DIVIDER] ======================================================================
[2026-09-19 11:16:25] [BLANK] 
[2026-09-19 11:16:25] [STEP] 🔹 [BƯỚC 6: RECOMMENDATION] ĐƯA RA HƯỚNG XỬ LÝ & GIẢI PHÁP
[2026-09-19 11:16:25] [BLANK] 
[2026-09-19 11:16:25] [DIVIDER] ======================================================================
[2026-09-19 11:16:25] [BLANK] 
[2026-09-19 11:16:25] [INFO]  • Hành động chuẩn (SOP) : Hướng dẫn User Sign In mạng
[2026-09-19 11:16:25] [BLANK] 
[2026-09-19 11:16:25] [INFO]  • Hướng dẫn chi tiết (Trích đoạn):
[2026-09-19 11:16:25] [INFO] Chào bạn,
[2026-09-19 11:16:25] [BLANK] 
[2026-09-19 11:16:25] [STEP] Với vai trò là Chuyên viên Hỗ trợ Cấp cao IT Service Desk, tôi xin hướng dẫn bạn các bước tự khắc phục sự cố mất kết nối mạng LAN (lỗi xác thực NAC) ngay tại bàn làm việc.
[2026-09-19 11:16:25] [BLANK] 
[2026-09-19 11:16:25] [INFO] ---
[2026-09-19 11:16:25] [BLANK] 
[2026-09-19 11:16:25] [INFO] ### HƯỚNG D...
[2026-09-19 11:16:25] [BLANK] 
[2026-09-19 11:16:25] [SVD] 🆕 [TICKET_SYSTEM] Phát hiện sự cố mới hoàn toàn -> Tiến hành tạo Ticket mới trên ServiceDesk Plus...
[2026-09-19 11:16:25] [BLANK] 
[2026-09-19 11:16:25] [SVD] 🌐 [SVD_UTILS] Đang gửi yêu cầu tạo Ticket lên ServiceDesk (https://49.213.71.61:8089)...
[2026-09-19 11:16:25] [BLANK] 
[2026-09-19 11:16:25] [SUCCESS] ✅ [SVD_UTILS THÀNH CÔNG] Đã tạo Ticket mới thực tế ID: #141
[2026-09-19 11:16:25] [BLANK] 
[2026-09-19 11:16:25] [SVD] 🔗 [SVD LINK]: https://49.213.71.61:8089/WorkOrder.do?woMode=viewWO&woID=141
[2026-09-19 11:16:25] [BLANK] 
[2026-09-19 11:16:26] [SVD] 💾 [TICKET_SYSTEM] Đã lưu Ticket mới và nội dung email vào database nội bộ.
[2026-09-19 11:16:26] [BLANK] 
[2026-09-19 11:16:26] [BLANK] 
[2026-09-19 11:16:26] [DIVIDER] ======================================================================
[2026-09-19 11:16:26] [BLANK] 
[2026-09-19 11:16:26] [STEP] 🔹 [BƯỚC 7: TICKET] XỬ LÝ VÒNG ĐỜI TICKET HỖ TRỢ IT
[2026-09-19 11:16:26] [BLANK] 
[2026-09-19 11:16:26] [DIVIDER] ======================================================================
[2026-09-19 11:16:26] [BLANK] 
[2026-09-19 11:16:26] [SVD]  • Hành động thực hiện   : CREATED_NEW_TICKET
[2026-09-19 11:16:26] [BLANK] 
[2026-09-19 11:16:26] [SVD]  • Mã Ticket (TicketID)  : SVD-141
[2026-09-19 11:16:26] [BLANK] 
[2026-09-19 11:16:26] [SVD]  • ServiceDesk ID        : #141
[2026-09-19 11:16:26] [BLANK] 
[2026-09-19 11:16:26] [INFO]  • Đội ngũ phụ trách     : Network Team
[2026-09-19 11:16:26] [BLANK] 
[2026-09-19 11:16:26] [INFO]  • Mức ưu tiên           : MEDIUM
[2026-09-19 11:16:26] [BLANK] 
[2026-09-19 11:16:26] [SVD]  • Trạng thái Ticket     : RESOLVED_BY_AI
[2026-09-19 11:16:26] [BLANK] 
[2026-09-19 11:16:26] [SVD]  • Link ServiceDesk      : https://49.213.71.61:8089/WorkOrder.do?woMode=viewWO&woID=141
[2026-09-19 11:16:26] [BLANK] 
[2026-09-19 11:16:26] [SVD]  • Cơ sở dữ liệu Ticket  : data/tickets_db.json
[2026-09-19 11:16:26] [BLANK] 
[2026-09-19 11:16:26] [INFO] 💾 [KNOWLEDGE FEEDBACK] Đã cập nhật kết quả xử lý vào kho dữ liệu tri thức 'data/resolutions_history.json'.
[2026-09-19 11:16:26] [BLANK] 
[2026-09-19 11:16:26] [BLANK] 
[2026-09-19 11:16:26] [DIVIDER] ======================================================================
[2026-09-19 11:16:26] [BLANK] 
[2026-09-19 11:16:26] [STEP] 🔹 [BƯỚC 8: RESOLUTION] LƯU TRI THỨC & ĐÓNG GÓI EMAIL PHẢN HỒI
[2026-09-19 11:16:26] [BLANK] 
[2026-09-19 11:16:26] [DIVIDER] ======================================================================
[2026-09-19 11:16:26] [BLANK] 
[2026-09-19 11:16:26] [SVD]  • Mã Ticket         : SVD-141
[2026-09-19 11:16:26] [BLANK] 
[2026-09-19 11:16:26] [SVD]  • Tiêu đề phản hồi  : Re: [SVD-141] Máy tính cắm dây LAN ở văn phòng báo No Internet và không vào được tra
[2026-09-19 11:16:26] [BLANK] 
[2026-09-19 11:16:26] [INFO]  • Cập nhật lịch sử  : data/resolutions_history.json
[2026-09-19 11:16:26] [BLANK] 
[2026-09-19 11:16:26] [EMAIL]  • Email phản hồi (HTML & Plain Text) đã sẵn sàng để gửi.
[2026-09-19 11:16:26] [BLANK] 
[2026-09-19 11:16:26] [BLANK] 
[2026-09-19 11:16:26] [SUCCESS] 🎯 [HOÀN TẤT - SUBFLOW A: XỬ LÝ SỰ CỐ] Ticket: SVD-141 | Đội ngũ: Network Team | Trạng thái: RESOLVED_BY_AI
[2026-09-19 11:16:26] [BLANK] 
[2026-09-19 11:16:35] [INFO] --- [CHU KỲ #7] ---
[2026-09-19 11:16:35] [BLANK] 
[2026-09-19 11:16:35] [EMAIL] [2026-09-19 11:16:35] 🔍 Đang quét hòm thư 'INBOX' tìm thư chưa đọc...
[2026-09-19 11:16:35] [BLANK] 
[2026-09-19 11:16:37] [EMAIL]     -> Hộp thư sạch sẽ! Không có thư mới chưa đọc.
[2026-09-19 11:16:37] [BLANK] 
[2026-09-19 11:16:37] [INFO] ⏳ Nghỉ 15 giây trước lần quét tiếp theo...
[2026-09-19 11:16:37] [BLANK] 
[2026-09-19 11:16:52] [INFO] --- [CHU KỲ #8] ---
[2026-09-19 11:16:52] [BLANK] 
[2026-09-19 11:16:52] [EMAIL] [2026-09-19 11:16:52] 🔍 Đang quét hòm thư 'INBOX' tìm thư chưa đọc...
[2026-09-19 11:16:52] [BLANK] 
[2026-09-19 11:16:57] [EMAIL]     -> Hộp thư sạch sẽ! Không có thư mới chưa đọc.
[2026-09-19 11:16:57] [BLANK] 
[2026-09-19 11:16:57] [INFO] ⏳ Nghỉ 15 giây trước lần quét tiếp theo...
[2026-09-19 11:16:57] [BLANK] 
[2026-09-19 11:17:12] [INFO] --- [CHU KỲ #9] ---
[2026-09-19 11:17:12] [BLANK] 
[2026-09-19 11:17:12] [EMAIL] [2026-09-19 11:17:12] 🔍 Đang quét hòm thư 'INBOX' tìm thư chưa đọc...
[2026-09-19 11:17:12] [BLANK] 
[2026-09-19 11:17:14] [EMAIL]     -> Hộp thư sạch sẽ! Không có thư mới chưa đọc.
[2026-09-19 11:17:14] [BLANK] 
[2026-09-19 11:17:14] [INFO] ⏳ Nghỉ 15 giây trước lần quét tiếp theo...
[2026-09-19 11:17:14] [BLANK] 
[2026-09-19 11:17:22] [BLANK] 
[2026-09-19 11:17:22] [SVD] 🚀 [AI AGENT SERVICE DESK] Tiếp nhận email từ user@company.com | Tiêu đề: 'Re: [SVD-141] Máy tính cắm dây LAN ở văn phòng báo No Internet và không vào được tra'...
[2026-09-19 11:17:22] [BLANK] 
[2026-09-19 11:17:22] [BLANK] 
[2026-09-19 11:17:22] [DIVIDER] ======================================================================
[2026-09-19 11:17:22] [BLANK] 
[2026-09-19 11:17:22] [STEP] 🔹 [BƯỚC 1: USER REQUEST] TIẾP NHẬN YÊU CẦU NGÔN NGỮ TỰ NHIÊN
[2026-09-19 11:17:22] [BLANK] 
[2026-09-19 11:17:22] [DIVIDER] ======================================================================
[2026-09-19 11:17:22] [BLANK] 
[2026-09-19 11:17:22] [INFO]  • Người gửi   : Anh/Chị <user@company.com>
[2026-09-19 11:17:22] [BLANK] 
[2026-09-19 11:17:22] [SVD]  • Tiêu đề     : Re: [SVD-141] Máy tính cắm dây LAN ở văn phòng báo No Internet và không vào được tra
[2026-09-19 11:17:22] [BLANK] 
[2026-09-19 11:17:22] [INFO]  • Nội dung gốc: IP 10.133.10.155
[2026-09-19 11:17:22] [BLANK] 
[2026-09-19 11:17:22] [SVD] On 2026-09-19 11:16:26 MSB Service Desk <msbservicedesk2026@gmail.com> wrote:
[2026-09-19 11:17:22] [INFO] > Kí...
[2026-09-19 11:17:22] [BLANK] 
[2026-09-19 11:17:22] [INFO]  • Nội dung bóc tách (User Reply): IP 10.133.10.155
[2026-09-19 11:17:22] [BLANK] 
[2026-09-19 11:17:22] [SVD] 📌 [PHÁT HIỆN TICKET CŨ]: SVD-141 (ServiceDesk ID: #141)
[2026-09-19 11:17:22] [BLANK] 
[2026-09-19 11:17:22] [EMAIL]    -> Email này là phản hồi/tiếp nối chuỗi yêu cầu trước đó.
[2026-09-19 11:17:22] [BLANK] 
[2026-09-19 11:17:22] [INFO]    -> Ngữ cảnh đã tích lũy từ trước: {'User ID': 'user@company.com', 'Môi trường / Thiết bị': 'LAN (tại văn phòng)', 'Trạng thái lỗi': 'Máy tính báo "No Internet", không vào được trang nội bộ, nghi ngờ liên quan đến hệ thống mạng NAC.'}
[2026-09-19 11:17:22] [BLANK] 
[2026-09-19 11:17:22] [EMAIL]  • Đã bóc tách lịch sử email trích dẫn: 549 ký tự.
[2026-09-19 11:17:22] [BLANK] 
[2026-09-19 11:17:25] [BLANK] 
[2026-09-19 11:17:25] [DIVIDER] ======================================================================
[2026-09-19 11:17:25] [BLANK] 
[2026-09-19 11:17:25] [INFO] 🧭 [CENTER ROUTER] ĐIỀU PHỐI QUY TRÌNH HỆ THỐNG
[2026-09-19 11:17:25] [BLANK] 
[2026-09-19 11:17:25] [DIVIDER] ======================================================================
[2026-09-19 11:17:25] [BLANK] 
[2026-09-19 11:17:25] [INFO]  • Phân nhánh Subflow : 🛠️ SUBFLOW A: XỬ LÝ SỰ CỐ
[2026-09-19 11:17:25] [BLANK] 
[2026-09-19 11:17:25] [INFO]  • Lý do định tuyến   : Máy tính cắm dây LAN báo lỗi No Internet, mất kết nối mạng và liên quan đến lỗi xác thực NAC.
[2026-09-19 11:17:25] [BLANK] 
[2026-09-19 11:17:29] [BLANK] 
[2026-09-19 11:17:29] [DIVIDER] ======================================================================
[2026-09-19 11:17:29] [BLANK] 
[2026-09-19 11:17:29] [STEP] 🔹 [BƯỚC 2: INTENT] XÁC ĐỊNH LOẠI VẤN ĐỀ & TRẠNG THÁI GIẢI QUYẾT
[2026-09-19 11:17:29] [BLANK] 
[2026-09-19 11:17:29] [DIVIDER] ======================================================================
[2026-09-19 11:17:29] [BLANK] 
[2026-09-19 11:17:29] [INFO]  • Trạng thái giải quyết: 🔄 VẪN CẦN HỖ TRỢ (IN PROGRESS)
[2026-09-19 11:17:29] [BLANK] 
[2026-09-19 11:17:29] [INFO]  • Nhóm (Category)      : Network / NAC
[2026-09-19 11:17:29] [BLANK] 
[2026-09-19 11:17:29] [INFO]  • Ý định (Intent)      : NAC Authentication Issue
[2026-09-19 11:17:29] [BLANK] 
[2026-09-19 11:17:29] [INFO]  • Mức ưu tiên          : MEDIUM
[2026-09-19 11:17:29] [BLANK] 
[2026-09-19 11:17:29] [SVD]  • Tóm tắt vấn đề       : Người dùng phản hồi cung cấp địa chỉ IP (10.133.10.155) để tiếp tục xử lý sự cố lỗi kết nối mạng LAN và NAC trên ticket SVD-141.
[2026-09-19 11:17:29] [BLANK] 
[2026-09-19 11:17:30] [INFO] --- [CHU KỲ #10] ---
[2026-09-19 11:17:30] [BLANK] 
[2026-09-19 11:17:30] [EMAIL] [2026-09-19 11:17:30] 🔍 Đang quét hòm thư 'INBOX' tìm thư chưa đọc...
[2026-09-19 11:17:30] [BLANK] 
[2026-09-19 11:17:32] [EMAIL]     -> Hộp thư sạch sẽ! Không có thư mới chưa đọc.
[2026-09-19 11:17:32] [BLANK] 
[2026-09-19 11:17:32] [INFO] ⏳ Nghỉ 15 giây trước lần quét tiếp theo...
[2026-09-19 11:17:32] [BLANK] 
[2026-09-19 11:17:34] [BLANK] 
[2026-09-19 11:17:34] [DIVIDER] ======================================================================
[2026-09-19 11:17:34] [BLANK] 
[2026-09-19 11:17:34] [STEP] 🔹 [BƯỚC 3: CONTEXT] THU THẬP THÔNG TIN CẦN THIẾT
[2026-09-19 11:17:34] [BLANK] 
[2026-09-19 11:17:34] [DIVIDER] ======================================================================
[2026-09-19 11:17:34] [BLANK] 
[2026-09-19 11:17:34] [INFO]  • Tiêu chuẩn yêu cầu (Required) : UserID, Wifi/LAN, SignIn Status, Current IP
[2026-09-19 11:17:34] [BLANK] 
[2026-09-19 11:17:34] [INFO]  • Mã người dùng (UserID)        : user@company.com
[2026-09-19 11:17:34] [BLANK] 
[2026-09-19 11:17:34] [INFO]  • Môi trường / Thiết bị         : LAN (Cắm dây LAN ở văn phòng)
[2026-09-19 11:17:34] [BLANK] 
[2026-09-19 11:17:34] [INFO]  • Trạng thái / Mã lỗi           : Máy tính báo No Internet, không vào được trang nội bộ, liên quan đến hệ thống mạng NAC (NAC Authentication Issue). IP hiện tại: 10.133.10.155.
[2026-09-19 11:17:34] [BLANK] 
[2026-09-19 11:17:34] [INFO]  • Thông tin còn thiếu           : SignIn Status
[2026-09-19 11:17:34] [BLANK] 
[2026-09-19 11:17:34] [SVD]  • Tóm lược ngữ cảnh             : Người dùng (user@company.com) gặp sự cố mất kết nối internet và không truy cập được trang nội bộ khi sử dụng mạng LAN (IP: 10.133.10.155), liên quan đến lỗi xác thực NAC (Mã ticket: SVD-141).
[2026-09-19 11:17:34] [BLANK] 
[2026-09-19 11:17:34] [BLANK] 
[2026-09-19 11:17:34] [DIVIDER] ======================================================================
[2026-09-19 11:17:34] [BLANK] 
[2026-09-19 11:17:34] [STEP] 🔹 [BƯỚC 4: KNOWLEDGE] TÌM KIẾM KB / SOP & TICKET TƯƠNG TỰ
[2026-09-19 11:17:34] [BLANK] 
[2026-09-19 11:17:34] [DIVIDER] ======================================================================
[2026-09-19 11:17:34] [BLANK] 
[2026-09-19 11:17:34] [INFO]  • Mã tri thức (KB_ID)     : NET-01.1
[2026-09-19 11:17:34] [BLANK] 
[2026-09-19 11:17:34] [INFO]  • Quy trình / Phân loại   : Network / NAC -> NAC Authentication Issue
[2026-09-19 11:17:34] [BLANK] 
[2026-09-19 11:17:34] [INFO]  • Điều kiện chuẩn (IF)    : Dùng LAN/Wifi nhưng SignIn chưa thực hiện
[2026-09-19 11:17:34] [BLANK] 
[2026-09-19 11:17:34] [INFO]  • Nguyên nhân gốc (THEN)  : NAC Authentication Missing
[2026-09-19 11:17:34] [BLANK] 
[2026-09-19 11:17:34] [INFO]  • Hướng xử lý chuẩn (SOP) : Hướng dẫn User Sign In mạng
[2026-09-19 11:17:34] [BLANK] 
[2026-09-19 11:17:34] [INFO]  • Đội ngũ phụ trách       : Network Team
[2026-09-19 11:17:34] [BLANK] 
[2026-09-19 11:17:34] [SVD]  • Tìm thấy 2 Ticket tương tự trong quá khứ:
[2026-09-19 11:17:34] [BLANK] 
[2026-09-19 11:17:34] [SVD]    - [SVD-135] Máy tính cắm dây LAN ở văn phòng báo No Internet và không vào được tra -> RESOLVED_BY_AI
[2026-09-19 11:17:34] [BLANK] 
[2026-09-19 11:17:34] [SVD]    - [SVD-141] Máy tính cắm dây LAN ở văn phòng báo No Internet và không vào được tra -> RESOLVED_BY_AI
[2026-09-19 11:17:34] [BLANK] 
[2026-09-19 11:17:39] [BLANK] 
[2026-09-19 11:17:39] [DIVIDER] ======================================================================
[2026-09-19 11:17:39] [BLANK] 
[2026-09-19 11:17:39] [STEP] 🔹 [BƯỚC 5: DIAGNOSTIC] PHÂN TÍCH TRIỆU CHỨNG & NGUYÊN NHÂN
[2026-09-19 11:17:39] [BLANK] 
[2026-09-19 11:17:39] [DIVIDER] ======================================================================
[2026-09-19 11:17:39] [BLANK] 
[2026-09-19 11:17:39] [INFO]  • Kiểm tra điều kiện (IF)  : Đạt. Người dùng sử dụng mạng LAN văn phòng nhưng gặp lỗi "No Internet", không truy cập được trang nội bộ và hệ thống đã xác định liên quan đến NAC (Network Access Control).
[2026-09-19 11:17:40] [BLANK] 
[2026-09-19 11:17:40] [INFO]  • Nguyên nhân cốt lõi (THEN): NAC Authentication Missing (Chưa thực hiện đăng nhập xác thực trên hệ thống NAC).
[2026-09-19 11:17:40] [BLANK] 
[2026-09-19 11:17:40] [INFO]  • Khả năng tự xử lý (Self) : Có thể tự khắc phục (Self-service)
[2026-09-19 11:17:40] [BLANK] 
[2026-09-19 11:17:40] [SUCCESS]  • Tóm lược chẩn đoán       : Máy tính của bạn đang kết nối mạng LAN nhưng chưa hoàn tất bước đăng nhập xác thực (Sign In) với hệ thống kiểm soát truy cập mạng (NAC), dẫn đến việc bị chặn kết nối Internet và trang nội bộ. Bạn có thể tự khắc phục bằng cách thực hiện Sign In theo hướng dẫn mạng của công ty.
[2026-09-19 11:17:40] [BLANK] 
[2026-09-19 11:17:45] [BLANK] 
[2026-09-19 11:17:45] [DIVIDER] ======================================================================
[2026-09-19 11:17:45] [BLANK] 
[2026-09-19 11:17:45] [STEP] 🔹 [BƯỚC 6: RECOMMENDATION] ĐƯA RA HƯỚNG XỬ LÝ & GIẢI PHÁP
[2026-09-19 11:17:45] [BLANK] 
[2026-09-19 11:17:45] [DIVIDER] ======================================================================
[2026-09-19 11:17:45] [BLANK] 
[2026-09-19 11:17:45] [INFO]  • Hành động chuẩn (SOP) : Hướng dẫn User Sign In mạng
[2026-09-19 11:17:45] [BLANK] 
[2026-09-19 11:17:45] [INFO]  • Hướng dẫn chi tiết (Trích đoạn):
[2026-09-19 11:17:45] [INFO] Kính gửi Anh/Chị,
[2026-09-19 11:17:45] [BLANK] 
[2026-09-19 11:17:45] [INFO] Cảm ơn Anh/Chị đã cung cấp thông tin địa chỉ IP `10.133.10.155`. 
[2026-09-19 11:17:45] [BLANK] 
[2026-09-19 11:17:45] [INFO] Dựa trên kiểm tra hệ thống, nguyên nhân gây ra tình trạng "No Internet" và không truy cập được trang nội bộ là do ...
[2026-09-19 11:17:45] [BLANK] 
[2026-09-19 11:17:45] [SVD] 🔄 [TICKET_SYSTEM] Nhận diện Reply trên Ticket cũ SVD-141 -> KHÔNG TẠO TICKET MỚI.
[2026-09-19 11:17:45] [BLANK] 
[2026-09-19 11:17:45] [SVD] 📝 [SVD_UTILS] Đang thêm ghi chú (Note) vào Ticket #141 trên ServiceDesk Plus...
[2026-09-19 11:17:45] [BLANK] 
[2026-09-19 11:17:46] [SUCCESS] ✅ [SVD_UTILS] Đã cập nhật ghi chú phản hồi vào Ticket #141 thành công!
[2026-09-19 11:17:46] [BLANK] 
[2026-09-19 11:17:46] [BLANK] 
[2026-09-19 11:17:46] [DIVIDER] ======================================================================
[2026-09-19 11:17:46] [BLANK] 
[2026-09-19 11:17:46] [STEP] 🔹 [BƯỚC 7: TICKET] XỬ LÝ VÒNG ĐỜI TICKET HỖ TRỢ IT
[2026-09-19 11:17:46] [BLANK] 
[2026-09-19 11:17:46] [DIVIDER] ======================================================================
[2026-09-19 11:17:46] [BLANK] 
[2026-09-19 11:17:46] [SVD]  • Hành động thực hiện   : UPDATED_EXISTING_TICKET
[2026-09-19 11:17:46] [BLANK] 
[2026-09-19 11:17:46] [SVD]  • Mã Ticket (TicketID)  : SVD-141
[2026-09-19 11:17:46] [BLANK] 
[2026-09-19 11:17:46] [SVD]  • ServiceDesk ID        : #141
[2026-09-19 11:17:46] [BLANK] 
[2026-09-19 11:17:46] [INFO]  • Đội ngũ phụ trách     : Network Team
[2026-09-19 11:17:46] [BLANK] 
[2026-09-19 11:17:46] [INFO]  • Mức ưu tiên           : MEDIUM
[2026-09-19 11:17:46] [BLANK] 
[2026-09-19 11:17:46] [SVD]  • Trạng thái Ticket     : RESOLVED_BY_AI
[2026-09-19 11:17:46] [BLANK] 
[2026-09-19 11:17:46] [SVD]  • Link ServiceDesk      : https://49.213.71.61:8089/WorkOrder.do?woMode=viewWO&woID=141
[2026-09-19 11:17:46] [BLANK] 
[2026-09-19 11:17:46] [SVD]  • Cơ sở dữ liệu Ticket  : data/tickets_db.json
[2026-09-19 11:17:46] [BLANK] 
[2026-09-19 11:17:46] [INFO] 💾 [KNOWLEDGE FEEDBACK] Đã cập nhật kết quả xử lý vào kho dữ liệu tri thức 'data/resolutions_history.json'.
[2026-09-19 11:17:46] [BLANK] 
[2026-09-19 11:17:46] [BLANK] 
[2026-09-19 11:17:46] [DIVIDER] ======================================================================
[2026-09-19 11:17:46] [BLANK] 
[2026-09-19 11:17:46] [STEP] 🔹 [BƯỚC 8: RESOLUTION] LƯU TRI THỨC & ĐÓNG GÓI EMAIL PHẢN HỒI
[2026-09-19 11:17:46] [BLANK] 
[2026-09-19 11:17:46] [DIVIDER] ======================================================================
[2026-09-19 11:17:46] [BLANK] 
[2026-09-19 11:17:46] [SVD]  • Mã Ticket         : SVD-141
[2026-09-19 11:17:46] [BLANK] 
[2026-09-19 11:17:46] [SVD]  • Tiêu đề phản hồi  : Re: [SVD-141] Máy tính cắm dây LAN ở văn phòng báo No Internet và không vào được tra
[2026-09-19 11:17:46] [BLANK] 
[2026-09-19 11:17:46] [INFO]  • Cập nhật lịch sử  : data/resolutions_history.json
[2026-09-19 11:17:46] [BLANK] 
[2026-09-19 11:17:46] [EMAIL]  • Email phản hồi (HTML & Plain Text) đã sẵn sàng để gửi.
[2026-09-19 11:17:46] [BLANK] 
[2026-09-19 11:17:46] [BLANK] 
[2026-09-19 11:17:46] [SUCCESS] 🎯 [HOÀN TẤT - SUBFLOW A: XỬ LÝ SỰ CỐ] Ticket: SVD-141 | Đội ngũ: Network Team | Trạng thái: RESOLVED_BY_AI
[2026-09-19 11:17:46] [BLANK] 
[2026-09-19 11:17:47] [INFO] --- [CHU KỲ #11] ---
[2026-09-19 11:17:47] [BLANK] 
[2026-09-19 11:17:47] [EMAIL] [2026-09-19 11:17:47] 🔍 Đang quét hòm thư 'INBOX' tìm thư chưa đọc...
[2026-09-19 11:17:47] [BLANK] 
[2026-09-19 11:17:49] [EMAIL]     -> Hộp thư sạch sẽ! Không có thư mới chưa đọc.
[2026-09-19 11:17:49] [BLANK] 
[2026-09-19 11:17:49] [INFO] ⏳ Nghỉ 15 giây trước lần quét tiếp theo...
[2026-09-19 11:17:49] [BLANK] 
[2026-09-19 11:18:04] [INFO] --- [CHU KỲ #12] ---
[2026-09-19 11:18:04] [BLANK] 
[2026-09-19 11:18:04] [EMAIL] [2026-09-19 11:18:04] 🔍 Đang quét hòm thư 'INBOX' tìm thư chưa đọc...
[2026-09-19 11:18:04] [BLANK] 
[2026-09-19 11:18:07] [EMAIL]     -> Hộp thư sạch sẽ! Không có thư mới chưa đọc.
[2026-09-19 11:18:07] [BLANK] 
[2026-09-19 11:18:07] [INFO] ⏳ Nghỉ 15 giây trước lần quét tiếp theo...
[2026-09-19 11:18:07] [BLANK] 
[2026-09-19 11:18:15] [BLANK] 
[2026-09-19 11:18:15] [SVD] 🚀 [AI AGENT SERVICE DESK] Tiếp nhận email từ user@company.com | Tiêu đề: 'Re: [SVD-141] Máy tính cắm dây LAN ở văn phòng báo No Internet và không vào được tra'...
[2026-09-19 11:18:15] [BLANK] 
[2026-09-19 11:18:15] [BLANK] 
[2026-09-19 11:18:15] [DIVIDER] ======================================================================
[2026-09-19 11:18:15] [BLANK] 
[2026-09-19 11:18:15] [STEP] 🔹 [BƯỚC 1: USER REQUEST] TIẾP NHẬN YÊU CẦU NGÔN NGỮ TỰ NHIÊN
[2026-09-19 11:18:15] [BLANK] 
[2026-09-19 11:18:15] [DIVIDER] ======================================================================
[2026-09-19 11:18:15] [BLANK] 
[2026-09-19 11:18:15] [INFO]  • Người gửi   : Anh/Chị <user@company.com>
[2026-09-19 11:18:15] [BLANK] 
[2026-09-19 11:18:15] [SVD]  • Tiêu đề     : Re: [SVD-141] Máy tính cắm dây LAN ở văn phòng báo No Internet và không vào được tra
[2026-09-19 11:18:15] [BLANK] 
[2026-09-19 11:18:15] [INFO]  • Nội dung gốc: tôi đã vào được mạng. cảm ơn bạn
[2026-09-19 11:18:15] [BLANK] 
[2026-09-19 11:18:15] [SVD] On 2026-09-19 11:17:46 MSB Service Desk <msbservicedesk2026@gmail....
[2026-09-19 11:18:15] [BLANK] 
[2026-09-19 11:18:15] [INFO]  • Nội dung bóc tách (User Reply): tôi đã vào được mạng. cảm ơn bạn
[2026-09-19 11:18:15] [BLANK] 
[2026-09-19 11:18:15] [SVD] 📌 [PHÁT HIỆN TICKET CŨ]: SVD-141 (ServiceDesk ID: #141)
[2026-09-19 11:18:15] [BLANK] 
[2026-09-19 11:18:15] [EMAIL]    -> Email này là phản hồi/tiếp nối chuỗi yêu cầu trước đó.
[2026-09-19 11:18:15] [BLANK] 
[2026-09-19 11:18:15] [INFO]    -> Ngữ cảnh đã tích lũy từ trước: {'User ID': 'user@company.com', 'Môi trường / Thiết bị': 'LAN (Cắm dây LAN ở văn phòng)', 'Trạng thái lỗi': 'Máy tính báo No Internet, không vào được trang nội bộ, liên quan đến hệ thống mạng NAC (NAC Authentication Issue). IP hiện tại: 10.133.10.155.'}
[2026-09-19 11:18:15] [BLANK] 
[2026-09-19 11:18:15] [EMAIL]  • Đã bóc tách lịch sử email trích dẫn: 543 ký tự.
[2026-09-19 11:18:15] [BLANK] 
[2026-09-19 11:18:18] [BLANK] 
[2026-09-19 11:18:18] [DIVIDER] ======================================================================
[2026-09-19 11:18:18] [BLANK] 
[2026-09-19 11:18:18] [INFO] 🧭 [CENTER ROUTER] ĐIỀU PHỐI QUY TRÌNH HỆ THỐNG
[2026-09-19 11:18:18] [BLANK] 
[2026-09-19 11:18:18] [DIVIDER] ======================================================================
[2026-09-19 11:18:18] [BLANK] 
[2026-09-19 11:18:18] [INFO]  • Phân nhánh Subflow : 🛠️ SUBFLOW A: XỬ LÝ SỰ CỐ
[2026-09-19 11:18:18] [BLANK] 
[2026-09-19 11:18:18] [INFO]  • Lý do định tuyến   : Người dùng phản hồi xác nhận đã khắc phục được sự cố mạng LAN (No Internet), tiếp tục xử lý trong luồng sự cố hiện tại.
[2026-09-19 11:18:18] [BLANK] 
[2026-09-19 11:18:22] [BLANK] 
[2026-09-19 11:18:22] [DIVIDER] ======================================================================
[2026-09-19 11:18:22] [BLANK] 
[2026-09-19 11:18:22] [STEP] 🔹 [BƯỚC 2: INTENT] XÁC ĐỊNH LOẠI VẤN ĐỀ & TRẠNG THÁI GIẢI QUYẾT
[2026-09-19 11:18:22] [BLANK] 
[2026-09-19 11:18:22] [DIVIDER] ======================================================================
[2026-09-19 11:18:22] [BLANK] 
[2026-09-19 11:18:22] [SUCCESS]  • Trạng thái giải quyết: ✅ VẤN ĐỀ ĐÃ ĐƯỢC GIẢI QUYẾT (RESOLVED)
[2026-09-19 11:18:22] [BLANK] 
[2026-09-19 11:18:22] [INFO]  • Nhóm (Category)      : Issue Resolution
[2026-09-19 11:18:22] [BLANK] 
[2026-09-19 11:18:22] [INFO]  • Ý định (Intent)      : Issue Resolved Confirmation
[2026-09-19 11:18:22] [BLANK] 
[2026-09-19 11:18:22] [INFO]  • Mức ưu tiên          : LOW
[2026-09-19 11:18:22] [BLANK] 
[2026-09-19 11:18:22] [SVD]  • Tóm tắt vấn đề       : Người dùng xác nhận đã truy cập được mạng và gửi lời cảm ơn, yêu cầu #SVD-141 được đánh dấu là đã giải quyết.
[2026-09-19 11:18:22] [BLANK] 
[2026-09-19 11:18:22] [BLANK] 
[2026-09-19 11:18:22] [DIVIDER] ======================================================================
[2026-09-19 11:18:22] [BLANK] 
[2026-09-19 11:18:22] [STEP] 🔹 [BƯỚC 3: CONTEXT] THU THẬP THÔNG TIN CẦN THIẾT
[2026-09-19 11:18:22] [BLANK] 
[2026-09-19 11:18:22] [DIVIDER] ======================================================================
[2026-09-19 11:18:22] [BLANK] 
[2026-09-19 11:18:22] [INFO]  • Vấn đề đã được người dùng xác nhận giải quyết thành công.
[2026-09-19 11:18:22] [BLANK] 
[2026-09-19 11:18:22] [BLANK] 
[2026-09-19 11:18:22] [DIVIDER] ======================================================================
[2026-09-19 11:18:22] [BLANK] 
[2026-09-19 11:18:22] [STEP] 🔹 [BƯỚC 4: KNOWLEDGE] TÌM KIẾM KB / SOP & TICKET TƯƠNG TỰ
[2026-09-19 11:18:22] [BLANK] 
[2026-09-19 11:18:22] [DIVIDER] ======================================================================
[2026-09-19 11:18:22] [DIVIDER] ======================================================================--- [CHU KỲ #13] ---
[2026-09-19 11:18:22] [BLANK] 
[2026-09-19 11:18:22] [INFO]  • Vấn đề đã được người dùng xác nhận giải quyết thành công.
[2026-09-19 11:18:22] [BLANK] 
[2026-09-19 11:18:22] [BLANK] 
[2026-09-19 11:18:22] [EMAIL] [2026-09-19 11:18:22] 🔍 Đang quét hòm thư 'INBOX' tìm thư chưa đọc...
[2026-09-19 11:18:22] [EMAIL] [2026-09-19 11:18:22] 🔍 Đang quét hòm thư 'INBOX' tìm thư chưa đọc...
[2026-09-19 11:18:22] [BLANK] 
[2026-09-19 11:18:22] [BLANK] 
[2026-09-19 11:18:22] [DIVIDER] ======================================================================
[2026-09-19 11:18:22] [DIVIDER] ======================================================================
[2026-09-19 11:18:22] [BLANK] 
[2026-09-19 11:18:22] [STEP] 🔹 [BƯỚC 5: DIAGNOSTIC] PHÂN TÍCH TRIỆU CHỨNG & NGUYÊN NHÂN
[2026-09-19 11:18:22] [BLANK] 
[2026-09-19 11:18:22] [DIVIDER] ======================================================================
[2026-09-19 11:18:22] [BLANK] 
[2026-09-19 11:18:22] [INFO]  • Vấn đề đã được người dùng xác nhận giải quyết thành công.
[2026-09-19 11:18:22] [BLANK] 
[2026-09-19 11:18:22] [BLANK] 
[2026-09-19 11:18:22] [DIVIDER] ======================================================================
[2026-09-19 11:18:22] [BLANK] 
[2026-09-19 11:18:22] [STEP] 🔹 [BƯỚC 6: RECOMMENDATION] ĐƯA RA HƯỚNG XỬ LÝ & GIẢI PHÁP
[2026-09-19 11:18:22] [BLANK] 
[2026-09-19 11:18:22] [DIVIDER] ======================================================================
[2026-09-19 11:18:22] [BLANK] 
[2026-09-19 11:18:22] [INFO]  • Ghi nhận kết thúc xử lý sự cố. Không cần khuyến nghị thêm.
[2026-09-19 11:18:22] [BLANK] 
[2026-09-19 11:18:22] [SUCCESS] ✅ [TICKET_SYSTEM] Vấn đề đã được giải quyết xong -> KHÔNG TẠO TICKET MỚI.
[2026-09-19 11:18:22] [BLANK] 
[2026-09-19 11:18:22] [SVD] 🔒 [TICKET_SYSTEM] Đang ghi nhận phản hồi và đóng Ticket #141 trên ServiceDesk Plus...
[2026-09-19 11:18:22] [BLANK] 
[2026-09-19 11:18:22] [SVD] 📝 [SVD_UTILS] Đang thêm ghi chú (Note) vào Ticket #141 trên ServiceDesk Plus...
[2026-09-19 11:18:22] [BLANK] 
[2026-09-19 11:18:23] [SUCCESS] ✅ [SVD_UTILS] Đã ghi nhận phản hồi vào Ticket #141 thành công!
[2026-09-19 11:18:23] [BLANK] 
[2026-09-19 11:18:23] [BLANK] 
[2026-09-19 11:18:23] [DIVIDER] ======================================================================
[2026-09-19 11:18:23] [BLANK] 
[2026-09-19 11:18:23] [STEP] 🔹 [BƯỚC 7: TICKET] XỬ LÝ VÒNG ĐỜI TICKET HỖ TRỢ IT
[2026-09-19 11:18:23] [BLANK] 
[2026-09-19 11:18:23] [DIVIDER] ======================================================================
[2026-09-19 11:18:23] [BLANK] 
[2026-09-19 11:18:23] [SVD]  • Hành động thực hiện   : CLOSED_EXISTING_TICKET
[2026-09-19 11:18:23] [BLANK] 
[2026-09-19 11:18:23] [SVD]  • Mã Ticket (TicketID)  : SVD-141
[2026-09-19 11:18:23] [BLANK] 
[2026-09-19 11:18:23] [SVD]  • ServiceDesk ID        : #141
[2026-09-19 11:18:23] [BLANK] 
[2026-09-19 11:18:23] [INFO]  • Đội ngũ phụ trách     : IT Service Desk
[2026-09-19 11:18:23] [BLANK] 
[2026-09-19 11:18:23] [INFO]  • Mức ưu tiên           : LOW
[2026-09-19 11:18:23] [BLANK] 
[2026-09-19 11:18:23] [SVD]  • Trạng thái Ticket     : CLOSED
[2026-09-19 11:18:23] [BLANK] 
[2026-09-19 11:18:23] [SVD]  • Link ServiceDesk      : https://49.213.71.61:8089/WorkOrder.do?woMode=viewWO&woID=141
[2026-09-19 11:18:23] [BLANK] 
[2026-09-19 11:18:23] [SVD]  • Cơ sở dữ liệu Ticket  : data/tickets_db.json
[2026-09-19 11:18:23] [BLANK] 
[2026-09-19 11:18:23] [INFO] 💾 [KNOWLEDGE FEEDBACK] Đã cập nhật kết quả xử lý vào kho dữ liệu tri thức 'data/resolutions_history.json'.
[2026-09-19 11:18:23] [BLANK] 
[2026-09-19 11:18:23] [BLANK] 
[2026-09-19 11:18:23] [DIVIDER] ======================================================================
[2026-09-19 11:18:23] [BLANK] 
[2026-09-19 11:18:23] [STEP] 🔹 [BƯỚC 8: RESOLUTION] LƯU TRI THỨC & ĐÓNG GÓI EMAIL PHẢN HỒI
[2026-09-19 11:18:23] [BLANK] 
[2026-09-19 11:18:23] [DIVIDER] ======================================================================
[2026-09-19 11:18:23] [BLANK] 
[2026-09-19 11:18:23] [SVD]  • Mã Ticket         : SVD-141
[2026-09-19 11:18:23] [BLANK] 
[2026-09-19 11:18:23] [SVD]  • Tiêu đề phản hồi  : Re: [SVD-141] Máy tính cắm dây LAN ở văn phòng báo No Internet và không vào được tra
[2026-09-19 11:18:23] [BLANK] 
[2026-09-19 11:18:23] [INFO]  • Cập nhật lịch sử  : data/resolutions_history.json
[2026-09-19 11:18:23] [BLANK] 
[2026-09-19 11:18:23] [EMAIL]  • Email phản hồi (HTML & Plain Text) đã sẵn sàng để gửi.
[2026-09-19 11:18:23] [BLANK] 
[2026-09-19 11:18:23] [BLANK] 
[2026-09-19 11:18:23] [SUCCESS] 🎯 [HOÀN TẤT - SUBFLOW A: XỬ LÝ SỰ CỐ] Ticket: SVD-141 | Đội ngũ: IT Service Desk | Trạng thái: CLOSED
[2026-09-19 11:18:23] [BLANK] 
[2026-09-19 11:18:28] [EMAIL]     -> Hộp thư sạch sẽ! Không có thư mới chưa đọc.
[2026-09-19 11:18:28] [BLANK] 
[2026-09-19 11:18:28] [INFO] ⏳ Nghỉ 15 giây trước lần quét tiếp theo...
[2026-09-19 11:18:28] [BLANK] 
[2026-09-19 11:18:43] [INFO] --- [CHU KỲ #14] ---
[2026-09-19 11:18:43] [BLANK] 
[2026-09-19 11:18:43] [EMAIL] [2026-09-19 11:18:43] 🔍 Đang quét hòm thư 'INBOX' tìm thư chưa đọc...
[2026-09-19 11:18:43] [BLANK] 
[2026-09-19 11:18:45] [EMAIL]     -> Hộp thư sạch sẽ! Không có thư mới chưa đọc.
[2026-09-19 11:18:45] [BLANK] 
[2026-09-19 11:18:45] [INFO] ⏳ Nghỉ 15 giây trước lần quét tiếp theo...
[2026-09-19 11:18:45] [BLANK] 
[2026-09-19 11:19:00] [INFO] --- [CHU KỲ #15] ---
[2026-09-19 11:19:00] [BLANK] 
[2026-09-19 11:19:00] [EMAIL] [2026-09-19 11:19:00] 🔍 Đang quét hòm thư 'INBOX' tìm thư chưa đọc...
[2026-09-19 11:19:00] [BLANK] 
[2026-09-19 11:19:02] [EMAIL]     -> Hộp thư sạch sẽ! Không có thư mới chưa đọc.
[2026-09-19 11:19:02] [BLANK] 
[2026-09-19 11:19:03] [INFO] ⏳ Nghỉ 15 giây trước lần quét tiếp theo...
[2026-09-19 11:19:03] [BLANK] 
[2026-09-19 11:19:18] [INFO] --- [CHU KỲ #16] ---
[2026-09-19 11:19:18] [BLANK] 
[2026-09-19 11:19:18] [EMAIL] [2026-09-19 11:19:18] 🔍 Đang quét hòm thư 'INBOX' tìm thư chưa đọc...
[2026-09-19 11:19:18] [BLANK] 
[2026-09-19 11:19:20] [EMAIL]     -> Hộp thư sạch sẽ! Không có thư mới chưa đọc.
[2026-09-19 11:19:20] [BLANK] 
[2026-09-19 11:19:20] [INFO] ⏳ Nghỉ 15 giây trước lần quét tiếp theo...
[2026-09-19 11:19:20] [BLANK] 
[2026-09-19 11:19:35] [INFO] --- [CHU KỲ #17] ---
[2026-09-19 11:19:35] [BLANK] 
[2026-09-19 11:19:35] [EMAIL] [2026-09-19 11:19:35] 🔍 Đang quét hòm thư 'INBOX' tìm thư chưa đọc...
[2026-09-19 11:19:35] [BLANK] 
[2026-09-19 11:19:38] [EMAIL]     -> Hộp thư sạch sẽ! Không có thư mới chưa đọc.
[2026-09-19 11:19:38] [BLANK] 
[2026-09-19 11:19:38] [INFO] ⏳ Nghỉ 15 giây trước lần quét tiếp theo...
[2026-09-19 11:19:38] [BLANK] 
[2026-09-19 11:19:53] [INFO] --- [CHU KỲ #18] ---
[2026-09-19 11:19:53] [BLANK] 
[2026-09-19 11:19:53] [EMAIL] [2026-09-19 11:19:53] 🔍 Đang quét hòm thư 'INBOX' tìm thư chưa đọc...
[2026-09-19 11:19:53] [BLANK] 
[2026-09-19 11:19:55] [EMAIL]     -> Hộp thư sạch sẽ! Không có thư mới chưa đọc.
[2026-09-19 11:19:55] [BLANK] 
[2026-09-19 11:19:55] [INFO] ⏳ Nghỉ 15 giây trước lần quét tiếp theo...
[2026-09-19 11:19:55] [BLANK] 
[2026-09-19 11:20:10] [INFO] --- [CHU KỲ #19] ---
[2026-09-19 11:20:10] [BLANK] 
[2026-09-19 11:20:10] [EMAIL] [2026-09-19 11:20:10] 🔍 Đang quét hòm thư 'INBOX' tìm thư chưa đọc...
[2026-09-19 11:20:10] [BLANK] 
[2026-09-19 11:20:12] [EMAIL]     -> Hộp thư sạch sẽ! Không có thư mới chưa đọc.
[2026-09-19 11:20:12] [BLANK] 
[2026-09-19 11:20:12] [INFO] ⏳ Nghỉ 15 giây trước lần quét tiếp theo...
[2026-09-19 11:20:12] [BLANK] 
[2026-09-19 11:20:28] [INFO] --- [CHU KỲ #20] ---
[2026-09-19 11:20:28] [BLANK] 
[2026-09-19 11:20:28] [EMAIL] [2026-09-19 11:20:28] 🔍 Đang quét hòm thư 'INBOX' tìm thư chưa đọc...
[2026-09-19 11:20:28] [BLANK] 
[2026-09-19 11:20:31] [EMAIL]     -> Hộp thư sạch sẽ! Không có thư mới chưa đọc.
[2026-09-19 11:20:31] [BLANK] 
[2026-09-19 11:20:31] [INFO] ⏳ Nghỉ 15 giây trước lần quét tiếp theo...
[2026-09-19 11:20:31] [BLANK] 
[2026-09-19 11:20:41] [BLANK] 
[2026-09-19 11:20:41] [BLANK] 
[2026-09-19 11:20:46] [INFO] --- [CHU KỲ #21] ---
[2026-09-19 11:20:46] [BLANK] 
[2026-09-19 11:20:46] [EMAIL] [2026-09-19 11:20:46] 🔍 Đang quét hòm thư 'INBOX' tìm thư chưa đọc...
[2026-09-19 11:20:46] [BLANK] 
[2026-09-19 11:20:48] [EMAIL]     -> Hộp thư sạch sẽ! Không có thư mới chưa đọc.
[2026-09-19 11:20:48] [BLANK] 
[2026-09-19 11:20:48] [INFO] ⏳ Nghỉ 15 giây trước lần quét tiếp theo...
[2026-09-19 11:20:48] [BLANK] 
[2026-09-19 11:21:04] [INFO] --- [CHU KỲ #22] ---
[2026-09-19 11:21:04] [BLANK] 
[2026-09-19 11:21:04] [EMAIL] [2026-09-19 11:21:04] 🔍 Đang quét hòm thư 'INBOX' tìm thư chưa đọc...
[2026-09-19 11:21:04] [BLANK] 
[2026-09-19 11:21:10] [EMAIL]     -> Hộp thư sạch sẽ! Không có thư mới chưa đọc.
[2026-09-19 11:21:10] [BLANK] 
[2026-09-19 11:21:10] [INFO] ⏳ Nghỉ 15 giây trước lần quét tiếp theo...
[2026-09-19 11:21:10] [BLANK] 
[2026-09-19 11:21:25] [INFO] --- [CHU KỲ #23] ---
[2026-09-19 11:21:25] [BLANK] 
[2026-09-19 11:21:25] [EMAIL] [2026-09-19 11:21:25] 🔍 Đang quét hòm thư 'INBOX' tìm thư chưa đọc...
[2026-09-19 11:21:25] [BLANK] 
[2026-09-19 11:21:29] [EMAIL]     -> Hộp thư sạch sẽ! Không có thư mới chưa đọc.
[2026-09-19 11:21:29] [BLANK] 
[2026-09-19 11:21:29] [INFO] ⏳ Nghỉ 15 giây trước lần quét tiếp theo...
[2026-09-19 11:21:29] [BLANK] 
[2026-09-19 11:21:44] [INFO] --- [CHU KỲ #24] ---
[2026-09-19 11:21:44] [BLANK] 
[2026-09-19 11:21:44] [EMAIL] [2026-09-19 11:21:44] 🔍 Đang quét hòm thư 'INBOX' tìm thư chưa đọc...
[2026-09-19 11:21:44] [BLANK] 
[2026-09-19 11:21:46] [EMAIL]     -> Hộp thư sạch sẽ! Không có thư mới chưa đọc.
[2026-09-19 11:21:46] [BLANK] 
[2026-09-19 11:21:46] [INFO] ⏳ Nghỉ 15 giây trước lần quét tiếp theo...
[2026-09-19 11:21:46] [BLANK] 
[2026-09-19 11:22:02] [INFO] --- [CHU KỲ #25] ---
[2026-09-19 11:22:02] [BLANK] 
[2026-09-19 11:22:02] [EMAIL] [2026-09-19 11:22:02] 🔍 Đang quét hòm thư 'INBOX' tìm thư chưa đọc...
[2026-09-19 11:22:02] [BLANK] 
[2026-09-19 11:22:04] [INFO] INFO:     Shutting down
[2026-09-19 11:22:04] [BLANK] 
[2026-09-19 11:22:04] [BLANK] 
[2026-09-19 11:22:04] [INFO] INFO:     Waiting for application shutdown.
[2026-09-19 11:22:04] [BLANK] 
[2026-09-19 11:22:04] [INFO] INFO:     Application shutdown complete.
[2026-09-19 11:22:04] [BLANK] 
[2026-09-19 11:22:04] [INFO] INFO:     Finished server process [34704]
[2026-09-19 11:22:04] [BLANK] 
[2026-09-19 11:22:07] [EMAIL]     -> Hộp thư sạch sẽ! Không có thư mới chưa đọc.
[2026-09-19 11:22:07] [BLANK] 
[2026-09-19 11:22:07] [BLANK] 
[2026-09-19 11:22:07] [BLANK] 
[2026-09-19 11:22:35] [INFO] INFO:     Started server process [32060]
[2026-09-19 11:22:35] [BLANK] 
[2026-09-19 11:22:35] [INFO] INFO:     Waiting for application startup.
[2026-09-19 11:22:35] [BLANK] 
[2026-09-19 11:22:35] [DIVIDER] ===========================================================================
[2026-09-19 11:22:35] [BLANK] 
[2026-09-19 11:22:35] [INFO] 🌐 [FASTAPI LOG VIEWER] Khởi chạy thành công máy chủ Web xem Log!
[2026-09-19 11:22:35] [BLANK] 
[2026-09-19 11:22:35] [INFO] 👉 Mở trình duyệt truy cập: http://127.0.0.1:8000
[2026-09-19 11:22:35] [BLANK] 
[2026-09-19 11:22:35] [DIVIDER] ===========================================================================
[2026-09-19 11:22:35] [BLANK] 
[2026-09-19 11:22:35] [BLANK] 
[2026-09-19 11:22:35] [DIVIDER] ===========================================================================
[2026-09-19 11:22:35] [BLANK] 
[2026-09-19 11:22:35] [EMAIL]  🤖 HỆ THỐNG TỰ ĐỘNG THEO DÕI EMAIL & PHẢN HỒI BẰNG AI MULTI-AGENT
[2026-09-19 11:22:35] [BLANK] 
[2026-09-19 11:22:35] [DIVIDER] ===========================================================================
[2026-09-19 11:22:35] [BLANK] 
[2026-09-19 11:22:35] [SVD]  • Tài khoản hòm thư : msbservicedesk2026@gmail.com
[2026-09-19 11:22:35] [BLANK] 
[2026-09-19 11:22:35] [EMAIL]  • Máy chủ IMAP/SMTP : imap.gmail.com:993 / smtp.gmail.com:587
[2026-09-19 11:22:35] [BLANK] 
[2026-09-19 11:22:35] [EMAIL]  • Thư mục quét      : INBOX
[2026-09-19 11:22:35] [BLANK] 
[2026-09-19 11:22:35] [INFO]  • Chu kỳ kiểm tra   : 15 giây/lần
[2026-09-19 11:22:35] [BLANK] 
[2026-09-19 11:22:35] [INFO]  • Agent AI          : IT Support
[2026-09-19 11:22:35] [BLANK] 
[2026-09-19 11:22:35] [DIVIDER] ===========================================================================
[2026-09-19 11:22:35] [BLANK] 
[2026-09-19 11:22:35] [INFO]  Nhấn Ctrl + C bất cứ lúc nào để dừng chương trình an toàn.
[2026-09-19 11:22:35] [BLANK] 
[2026-09-19 11:22:35] [INFO] [CHẾ ĐỘ TỰ ĐỘNG ĐỊNH KỲ] Quét mỗi 15 giây một lần...
[2026-09-19 11:22:35] [BLANK] 
[2026-09-19 11:22:35] [INFO] --- [CHU KỲ #1] ---
[2026-09-19 11:22:35] [BLANK] 
[2026-09-19 11:22:35] [INFO] INFO:     Application startup complete.
òm thư 'INBOX' tìm thư chưa đọc...
[2026-09-19 11:22:35] [BLANK] 
[2026-09-19 11:22:35] [BLANK] 
[2026-09-19 11:22:35] [INFO] INFO:     Uvicorn running on http://0.0.0.0:8000 (Press CTRL+C to quit)
[2026-09-19 11:22:35] [BLANK] 
[2026-09-19 11:22:37] [EMAIL]     -> Hộp thư sạch sẽ! Không có thư mới chưa đọc.
[2026-09-19 11:22:37] [BLANK] 
[2026-09-19 11:22:37] [INFO] ⏳ Nghỉ 15 giây trước lần quét tiếp theo...
[2026-09-19 11:22:37] [BLANK] 
[2026-09-19 11:22:52] [INFO] --- [CHU KỲ #2] ---
[2026-09-19 11:22:52] [BLANK] 
[2026-09-19 11:22:52] [EMAIL] [2026-09-19 11:22:52] 🔍 Đang quét hòm thư 'INBOX' tìm thư chưa đọc...
[2026-09-19 11:22:52] [BLANK] 
[2026-09-19 11:22:54] [EMAIL]     -> Hộp thư sạch sẽ! Không có thư mới chưa đọc.
[2026-09-19 11:22:54] [BLANK] 
[2026-09-19 11:22:54] [INFO] ⏳ Nghỉ 15 giây trước lần quét tiếp theo...
[2026-09-19 11:22:54] [BLANK] 
[2026-09-19 11:23:10] [INFO] --- [CHU KỲ #3] ---
[2026-09-19 11:23:10] [BLANK] 
[2026-09-19 11:23:10] [EMAIL] [2026-09-19 11:23:10] 🔍 Đang quét hòm thư 'INBOX' tìm thư chưa đọc...
[2026-09-19 11:23:10] [BLANK] 
[2026-09-19 11:23:13] [EMAIL]     -> Hộp thư sạch sẽ! Không có thư mới chưa đọc.
[2026-09-19 11:23:13] [BLANK] 
[2026-09-19 11:23:13] [INFO] ⏳ Nghỉ 15 giây trước lần quét tiếp theo...
[2026-09-19 11:23:13] [BLANK] 
[2026-09-19 11:23:28] [INFO] --- [CHU KỲ #4] ---
[2026-09-19 11:23:28] [BLANK] 
[2026-09-19 11:23:28] [EMAIL] [2026-09-19 11:23:28] 🔍 Đang quét hòm thư 'INBOX' tìm thư chưa đọc...
[2026-09-19 11:23:28] [BLANK] 
[2026-09-19 11:23:31] [EMAIL]     -> Hộp thư sạch sẽ! Không có thư mới chưa đọc.
[2026-09-19 11:23:31] [BLANK] 
[2026-09-19 11:23:31] [INFO] ⏳ Nghỉ 15 giây trước lần quét tiếp theo...
[2026-09-19 11:23:31] [BLANK] 
[2026-09-19 11:23:46] [INFO] --- [CHU KỲ #5] ---
[2026-09-19 11:23:46] [BLANK] 
[2026-09-19 11:23:46] [EMAIL] [2026-09-19 11:23:46] 🔍 Đang quét hòm thư 'INBOX' tìm thư chưa đọc...
[2026-09-19 11:23:46] [BLANK] 
[2026-09-19 11:23:48] [EMAIL]     -> Hộp thư sạch sẽ! Không có thư mới chưa đọc.
[2026-09-19 11:23:48] [BLANK] 
[2026-09-19 11:23:48] [INFO] ⏳ Nghỉ 15 giây trước lần quét tiếp theo...
[2026-09-19 11:23:48] [BLANK] 
[2026-09-19 11:24:03] [INFO] --- [CHU KỲ #6] ---
[2026-09-19 11:24:03] [BLANK] 
[2026-09-19 11:24:03] [EMAIL] [2026-09-19 11:24:03] 🔍 Đang quét hòm thư 'INBOX' tìm thư chưa đọc...
[2026-09-19 11:24:03] [BLANK] 
[2026-09-19 11:24:06] [EMAIL]     -> Hộp thư sạch sẽ! Không có thư mới chưa đọc.
[2026-09-19 11:24:06] [BLANK] 
[2026-09-19 11:24:06] [INFO] ⏳ Nghỉ 15 giây trước lần quét tiếp theo...
[2026-09-19 11:24:06] [BLANK] 
[2026-09-19 11:24:21] [INFO] --- [CHU KỲ #7] ---
[2026-09-19 11:24:21] [BLANK] 
[2026-09-19 11:24:21] [EMAIL] [2026-09-19 11:24:21] 🔍 Đang quét hòm thư 'INBOX' tìm thư chưa đọc...
[2026-09-19 11:24:21] [BLANK] 
[2026-09-19 11:24:26] [EMAIL]     -> Hộp thư sạch sẽ! Không có thư mới chưa đọc.
[2026-09-19 11:24:26] [BLANK] 
[2026-09-19 11:24:26] [INFO] ⏳ Nghỉ 15 giây trước lần quét tiếp theo...
[2026-09-19 11:24:26] [BLANK] 
[2026-09-19 11:24:41] [INFO] --- [CHU KỲ #8] ---
[2026-09-19 11:24:41] [BLANK] 
[2026-09-19 11:24:41] [EMAIL] [2026-09-19 11:24:41] 🔍 Đang quét hòm thư 'INBOX' tìm thư chưa đọc...
[2026-09-19 11:24:41] [BLANK] 
[2026-09-19 11:24:43] [EMAIL]     -> Hộp thư sạch sẽ! Không có thư mới chưa đọc.
[2026-09-19 11:24:43] [BLANK] 
[2026-09-19 11:24:43] [INFO] ⏳ Nghỉ 15 giây trước lần quét tiếp theo...
[2026-09-19 11:24:43] [BLANK] 
[2026-09-19 11:24:56] [INFO] INFO:     Shutting down
[2026-09-19 11:24:56] [BLANK] 
[2026-09-19 11:24:56] [INFO] INFO:     Waiting for application shutdown.
[2026-09-19 11:24:56] [BLANK] 
[2026-09-19 11:24:56] [INFO] INFO:     Application shutdown complete.
[2026-09-19 11:24:56] [BLANK] 
[2026-09-19 11:24:56] [INFO] INFO:     Finished server process [32060]
[2026-09-19 11:24:56] [BLANK] 
[2026-09-19 11:24:56] [BLANK] 
[2026-09-19 11:24:56] [BLANK] 
[2026-09-19 11:27:44] [ERROR] Traceback (most recent call last):
[2026-09-19 11:27:44] [ERROR]   File "D:\CODE\Dự án\AI Hackathon 2026\project v3\web_app.py", line 59, in <module>
[2026-09-19 11:27:44] [ERROR]     from web_chat_app import chat_router
[2026-09-19 11:27:44] [ERROR] ModuleNotFoundError: No module named 'web_chat_app'
[2026-09-19 11:29:10] [INFO] INFO:     Started server process [27868]
[2026-09-19 11:29:10] [BLANK] 
[2026-09-19 11:29:10] [INFO] INFO:     Waiting for application startup.
[2026-09-19 11:29:10] [BLANK] 
[2026-09-19 11:29:10] [DIVIDER] ===========================================================================
[2026-09-19 11:29:10] [BLANK] 
[2026-09-19 11:29:10] [INFO] 🌐 [FASTAPI LOG VIEWER] Khởi chạy thành công máy chủ Web xem Log!
[2026-09-19 11:29:10] [BLANK] 
[2026-09-19 11:29:10] [INFO] 👉 Mở trình duyệt truy cập: http://127.0.0.1:8000
[2026-09-19 11:29:10] [BLANK] 
[2026-09-19 11:29:10] [DIVIDER] ===========================================================================
[2026-09-19 11:29:10] [BLANK] 
[2026-09-19 11:29:10] [BLANK] 
[2026-09-19 11:29:10] [DIVIDER] ===========================================================================
[2026-09-19 11:29:10] [BLANK] 
[2026-09-19 11:29:10] [EMAIL]  🤖 HỆ THỐNG TỰ ĐỘNG THEO DÕI EMAIL & PHẢN HỒI BẰNG AI MULTI-AGENT
[2026-09-19 11:29:10] [BLANK] 
[2026-09-19 11:29:10] [DIVIDER] ===========================================================================
[2026-09-19 11:29:10] [BLANK] 
[2026-09-19 11:29:10] [SVD]  • Tài khoản hòm thư : msbservicedesk2026@gmail.com
[2026-09-19 11:29:10] [BLANK] 
[2026-09-19 11:29:10] [EMAIL]  • Máy chủ IMAP/SMTP : imap.gmail.com:993 / smtp.gmail.com:587
[2026-09-19 11:29:10] [BLANK] 
[2026-09-19 11:29:10] [EMAIL]  • Thư mục quét      : INBOX
[2026-09-19 11:29:10] [BLANK] 
[2026-09-19 11:29:10] [INFO]  • Chu kỳ kiểm tra   : 15 giây/lần
[2026-09-19 11:29:10] [BLANK] 
[2026-09-19 11:29:10] [INFO]  • Agent AI          : IT Support
[2026-09-19 11:29:10] [BLANK] 
[2026-09-19 11:29:10] [DIVIDER] ===========================================================================
[2026-09-19 11:29:10] [BLANK] 
[2026-09-19 11:29:10] [INFO]  Nhấn Ctrl + C bất cứ lúc nào để dừng chương trình an toàn.
[2026-09-19 11:29:10] [BLANK] 
[2026-09-19 11:29:10] [INFO] [CHẾ ĐỘ TỰ ĐỘNG ĐỊNH KỲ] Quét mỗi 15 giây một lần...
[2026-09-19 11:29:10] [BLANK] 
[2026-09-19 11:29:10] [INFO] --- [CHU KỲ #1] ---
[2026-09-19 11:29:10] [BLANK] 
[2026-09-19 11:29:10] [EMAIL] [2026-09-19 11:29:10] 🔍 Đang quét hòm thư 'INBOX' tìm thư chưa đọc...
[2026-09-19 11:29:10] [INFO] INFO:     Application startup complete.
[2026-09-19 11:29:10] [BLANK] 
[2026-09-19 11:29:10] [BLANK] 
[2026-09-19 11:29:10] [INFO] INFO:     Uvicorn running on http://0.0.0.0:8000 (Press CTRL+C to quit)
[2026-09-19 11:29:10] [BLANK] 
[2026-09-19 11:29:13] [EMAIL]     -> Hộp thư sạch sẽ! Không có thư mới chưa đọc.
[2026-09-19 11:29:13] [BLANK] 
[2026-09-19 11:29:13] [INFO] ⏳ Nghỉ 15 giây trước lần quét tiếp theo...
[2026-09-19 11:29:13] [BLANK] 
[2026-09-19 11:29:22] [BLANK] 
[2026-09-19 11:29:22] [EMAIL] 🚀 [AI AGENT SERVICE DESK] Tiếp nhận email từ user@company.com | Tiêu đề: 'Em mới chuyển sang phòng ban cần kết nối máy in của văn phòng để in ấn'...
[2026-09-19 11:29:22] [BLANK] 
[2026-09-19 11:29:22] [BLANK] 
[2026-09-19 11:29:22] [DIVIDER] ======================================================================
[2026-09-19 11:29:22] [BLANK] 
[2026-09-19 11:29:22] [STEP] 🔹 [BƯỚC 1: USER REQUEST] TIẾP NHẬN YÊU CẦU NGÔN NGỮ TỰ NHIÊN
[2026-09-19 11:29:22] [BLANK] 
[2026-09-19 11:29:22] [DIVIDER] ======================================================================
[2026-09-19 11:29:22] [BLANK] 
[2026-09-19 11:29:22] [INFO]  • Người gửi   : Anh/Chị <user@company.com>
[2026-09-19 11:29:22] [BLANK] 
[2026-09-19 11:29:22] [INFO]  • Tiêu đề     : Em mới chuyển sang phòng ban cần kết nối máy in của văn phòng để in ấn
[2026-09-19 11:29:22] [BLANK] 
[2026-09-19 11:29:22] [INFO]  • Nội dung gốc: Em mới chuyển sang phòng ban cần kết nối máy in của văn phòng để in ấn chứng từ. Xin cảm ơn.
[2026-09-19 11:29:22] [BLANK] 
[2026-09-19 11:29:22] [SUCCESS] ✅ [KB_ENGINE] Đã nạp thành công 6 bản ghi cài đặt phần mềm từ sheet 'ServiceRequest' (Optimized_IT_KnowledgeBase_v1.2.xlsx).
[2026-09-19 11:29:22] [BLANK] 
[2026-09-19 11:29:28] [INFO] --- [CHU KỲ #2] ---
[2026-09-19 11:29:28] [BLANK] 
[2026-09-19 11:29:28] [EMAIL] [2026-09-19 11:29:28] 🔍 Đang quét hòm thư 'INBOX' tìm thư chưa đọc...
[2026-09-19 11:29:28] [BLANK] 
[2026-09-19 11:29:31] [EMAIL]     -> Hộp thư sạch sẽ! Không có thư mới chưa đọc.
[2026-09-19 11:29:31] [BLANK] 
[2026-09-19 11:29:31] [INFO] ⏳ Nghỉ 15 giây trước lần quét tiếp theo...
[2026-09-19 11:29:31] [BLANK] 
[2026-09-19 11:29:46] [INFO] --- [CHU KỲ #3] ---
[2026-09-19 11:29:46] [BLANK] 
[2026-09-19 11:29:46] [EMAIL] [2026-09-19 11:29:46] 🔍 Đang quét hòm thư 'INBOX' tìm thư chưa đọc...
[2026-09-19 11:29:46] [BLANK] 
[2026-09-19 11:29:48] [EMAIL]     -> Hộp thư sạch sẽ! Không có thư mới chưa đọc.
[2026-09-19 11:29:48] [BLANK] 
[2026-09-19 11:29:48] [INFO] ⏳ Nghỉ 15 giây trước lần quét tiếp theo...
[2026-09-19 11:29:48] [BLANK] 
[2026-09-19 11:29:56] [BLANK] 
[2026-09-19 11:29:56] [DIVIDER] ======================================================================
[2026-09-19 11:29:56] [BLANK] 
[2026-09-19 11:29:56] [INFO] 🧭 [CENTER ROUTER] ĐIỀU PHỐI QUY TRÌNH HỆ THỐNG
[2026-09-19 11:29:56] [BLANK] 
[2026-09-19 11:29:56] [DIVIDER] ======================================================================
[2026-09-19 11:29:56] [BLANK] 
[2026-09-19 11:29:56] [INFO]  • Phân nhánh Subflow : 🚀 SUBFLOW B: CÀI ĐẶT PHẦN MỀM
[2026-09-19 11:29:56] [BLANK] 
[2026-09-19 11:29:56] [INFO]  • Lý do định tuyến   : Người dùng yêu cầu kết nối máy in mới, thuộc phạm vi cấu hình thiết bị và cài đặt theo đúng tiêu chí của flow software_install.
[2026-09-19 11:29:56] [BLANK] 
[2026-09-19 11:30:03] [INFO] --- [CHU KỲ #4] ---
[2026-09-19 11:30:03] [BLANK] 
[2026-09-19 11:30:03] [EMAIL] [2026-09-19 11:30:03] 🔍 Đang quét hòm thư 'INBOX' tìm thư chưa đọc...
[2026-09-19 11:30:03] [BLANK] 
[2026-09-19 11:30:05] [EMAIL]     -> Hộp thư sạch sẽ! Không có thư mới chưa đọc.
[2026-09-19 11:30:05] [BLANK] 
[2026-09-19 11:30:05] [INFO] ⏳ Nghỉ 15 giây trước lần quét tiếp theo...
[2026-09-19 11:30:05] [BLANK] 
[2026-09-19 11:30:08] [BLANK] 
[2026-09-19 11:30:08] [DIVIDER] ======================================================================
[2026-09-19 11:30:08] [BLANK] 
[2026-09-19 11:30:08] [STEP] 🔹 [BƯỚC 2B: SOFTWARE INTENT] XÁC ĐỊNH LOẠI PHẦN MỀM CẦN CÀI ĐẶT
[2026-09-19 11:30:08] [BLANK] 
[2026-09-19 11:30:08] [DIVIDER] ======================================================================
[2026-09-19 11:30:08] [BLANK] 
[2026-09-19 11:30:08] [INFO]  • Phần mềm xác định  : Ricoh Printer (Mã KB: SOF_01.05)
[2026-09-19 11:30:08] [BLANK] 
[2026-09-19 11:30:08] [SUCCESS]  • Thuộc danh mục chuẩn: ✅ CÓ
[2026-09-19 11:30:08] [BLANK] 
[2026-09-19 11:30:08] [INFO]  • Nhóm danh mục      : Install / Office Software
[2026-09-19 11:30:08] [BLANK] 
[2026-09-19 11:30:08] [INFO]  • Đội ngũ phân công  : IT Support Team
[2026-09-19 11:30:08] [BLANK] 
[2026-09-19 11:30:08] [INFO]  • Mục đích công việc : Kết nối máy in văn phòng để in ấn chứng từ
[2026-09-19 11:30:08] [BLANK] 
[2026-09-19 11:30:08] [INFO]  • Mức ưu tiên        : LOW
[2026-09-19 11:30:08] [BLANK] 
[2026-09-19 11:30:08] [INFO]  • Tóm tắt yêu cầu    : Nhân viên mới chuyển phòng ban cần hỗ trợ kết nối máy in văn phòng để phục vụ công việc in ấn chứng từ.
[2026-09-19 11:30:08] [BLANK] 
[2026-09-19 11:30:15] [BLANK] 
[2026-09-19 11:30:15] [DIVIDER] ======================================================================
[2026-09-19 11:30:15] [BLANK] 
[2026-09-19 11:30:15] [STEP] 🔹 [BƯỚC 3B: SOFTWARE CONTEXT] THU THẬP THÔNG TIN CẦN THIẾT
[2026-09-19 11:30:15] [BLANK] 
[2026-09-19 11:30:15] [DIVIDER] ======================================================================
[2026-09-19 11:30:15] [BLANK] 
[2026-09-19 11:30:15] [INFO]  • Tiêu chuẩn yêu cầu (Required): IP máy in
[2026-09-19 11:30:15] [BLANK] 
[2026-09-19 11:30:15] [EMAIL]  • Mã người dùng / Email        : user@company.com
[2026-09-19 11:30:15] [BLANK] 
[2026-09-19 11:30:15] [INFO]  • Phòng ban                     : Chưa rõ
[2026-09-19 11:30:15] [BLANK] 
[2026-09-19 11:30:15] [INFO]  • IP Máy in (nếu có)            : Chưa rõ
[2026-09-19 11:30:15] [BLANK] 
[2026-09-19 11:30:15] [INFO]  • Môi trường máy tính           : Windows
[2026-09-19 11:30:15] [BLANK] 
[2026-09-19 11:30:15] [INFO]  • Thông tin còn thiếu           : Địa chỉ IP của máy in
[2026-09-19 11:30:15] [BLANK] 
[2026-09-19 11:30:15] [INFO]  • Tóm lược ngữ cảnh             : Người dùng vừa chuyển sang phòng ban mới và cần thiết lập kết nối máy in văn phòng để in chứng từ. Để hỗ trợ cài đặt driver/kết nối mạng cho máy in Ricoh, cần bổ sung địa chỉ IP cụ thể của thiết bị.
[2026-09-19 11:30:15] [BLANK] 
[2026-09-19 11:30:15] [BLANK] 
[2026-09-19 11:30:15] [DIVIDER] ======================================================================
[2026-09-19 11:30:15] [BLANK] 
[2026-09-19 11:30:15] [STEP] 🔹 [BƯỚC 4B: CHECK PREREQUISITES] KIỂM TRA ĐIỀU KIỆN CÀI ĐẶT PHẦN MỀM
[2026-09-19 11:30:15] [BLANK] 
[2026-09-19 11:30:15] [DIVIDER] ======================================================================
[2026-09-19 11:30:15] [BLANK] 
[2026-09-19 11:30:15] [INFO]  • Phần mềm kiểm tra   : Ricoh Printer
[2026-09-19 11:30:15] [BLANK] 
[2026-09-19 11:30:15] [INFO]  • Quy tắc (Prereq Rule): No
[2026-09-19 11:30:15] [BLANK] 
[2026-09-19 11:30:15] [SUCCESS]  • Trạng thái thẩm định : ✅ ĐỦ ĐIỀU KIỆN (ELIGIBLE)
[2026-09-19 11:30:15] [BLANK] 
[2026-09-19 11:30:15] [INFO]  • Chi tiết kiểm tra    : Phần mềm 'Ricoh Printer' thuộc danh mục chuẩn/tự do của doanh nghiệp, không yêu cầu cấp phép bản quyền đặc thù. Lưu ý: Chưa phát hiện địa chỉ IP máy in cụ thể trong nội dung yêu cầu.
[2026-09-19 11:30:15] [BLANK] 
[2026-09-19 11:30:15] [SVD] 🆕 [TICKET_SYSTEM - SR] Tạo Ticket Service Request mới trên ServiceDesk Plus...
[2026-09-19 11:30:15] [BLANK] 
[2026-09-19 11:30:15] [SVD] 🌐 [SVD_UTILS] Đang gửi yêu cầu tạo Service Request lên ServiceDesk (https://49.213.71.61:8089)...
[2026-09-19 11:30:15] [BLANK] 
[2026-09-19 11:30:16] [SUCCESS] ✅ [SVD_UTILS THÀNH CÔNG] Đã tạo Service Request mới ID: #142
[2026-09-19 11:30:16] [BLANK] 
[2026-09-19 11:30:16] [SVD] 🔗 [SVD LINK]: https://49.213.71.61:8089/WorkOrder.do?woMode=viewWO&woID=142
[2026-09-19 11:30:16] [BLANK] 
[2026-09-19 11:30:16] [SVD] 💾 [TICKET_SYSTEM] Đã lưu Ticket Service Request mới và nội dung email vào database nội bộ.
[2026-09-19 11:30:16] [BLANK] 
[2026-09-19 11:30:16] [BLANK] 
[2026-09-19 11:30:16] [DIVIDER] ======================================================================
[2026-09-19 11:30:16] [BLANK] 
[2026-09-19 11:30:16] [STEP] 🔹 [BƯỚC 5B: TICKET] TẠO / CẬP NHẬT SERVICE REQUEST TICKET
[2026-09-19 11:30:16] [BLANK] 
[2026-09-19 11:30:16] [DIVIDER] ======================================================================
[2026-09-19 11:30:16] [BLANK] 
[2026-09-19 11:30:16] [SVD]  • Hành động thực hiện   : CREATED_NEW_TICKET
[2026-09-19 11:30:16] [BLANK] 
[2026-09-19 11:30:16] [SVD]  • Mã Ticket (TicketID)  : SVD-142
[2026-09-19 11:30:16] [BLANK] 
[2026-09-19 11:30:16] [SVD]  • ServiceDesk ID        : #142
[2026-09-19 11:30:16] [BLANK] 
[2026-09-19 11:30:16] [INFO]  • Đội ngũ phụ trách     : IT Support Team
[2026-09-19 11:30:16] [BLANK] 
[2026-09-19 11:30:16] [INFO]  • Mức ưu tiên           : LOW
[2026-09-19 11:30:16] [BLANK] 
[2026-09-19 11:30:16] [SVD]  • Trạng thái Ticket     : WAITING_USER_INFO
[2026-09-19 11:30:16] [BLANK] 
[2026-09-19 11:30:16] [SVD]  • Link ServiceDesk      : https://49.213.71.61:8089/WorkOrder.do?woMode=viewWO&woID=142
[2026-09-19 11:30:16] [BLANK] 
[2026-09-19 11:30:16] [SVD]  • Cơ sở dữ liệu Ticket  : data/tickets_db.json
[2026-09-19 11:30:16] [BLANK] 
[2026-09-19 11:30:16] [INFO] 💾 [KNOWLEDGE FEEDBACK] Đã cập nhật kết quả yêu cầu cài đặt phần mềm vào kho tri thức 'data/resolutions_history.json'.
[2026-09-19 11:30:16] [BLANK] 
[2026-09-19 11:30:16] [BLANK] 
[2026-09-19 11:30:16] [DIVIDER] ======================================================================
[2026-09-19 11:30:16] [BLANK] 
[2026-09-19 11:30:16] [STEP] 🔹 [BƯỚC 6B: SOFTWARE RESOLUTION] ĐÓNG GÓI EMAIL PHẢN HỒI & LƯU TRI THỨC
[2026-09-19 11:30:16] [BLANK] 
[2026-09-19 11:30:16] [DIVIDER] ======================================================================
[2026-09-19 11:30:16] [BLANK] 
[2026-09-19 11:30:16] [SVD]  • Tiêu đề email phản hồi: Re: [SVD-142] Em mới chuyển sang phòng ban cần kết nối máy in của văn phòng để in ấn
[2026-09-19 11:30:16] [BLANK] 
[2026-09-19 11:30:16] [INFO]  • Đội ngũ phụ trách     : IT Support Team
[2026-09-19 11:30:16] [BLANK] 
[2026-09-19 11:30:16] [INFO]  • Cập nhật lịch sử       : data/resolutions_history.json
[2026-09-19 11:30:16] [BLANK] 
[2026-09-19 11:30:16] [EMAIL]  • Email phản hồi (HTML & Plain Text) đã sẵn sàng để gửi.
[2026-09-19 11:30:16] [BLANK] 
[2026-09-19 11:30:16] [BLANK] 
[2026-09-19 11:30:16] [SUCCESS] 🎯 [HOÀN TẤT - SUBFLOW B: CÀI ĐẶT PHẦN MỀM] Ticket: SVD-142 | Đội ngũ: IT Support Team | Trạng thái: WAITING_USER_INFO
[2026-09-19 11:30:16] [BLANK] 
[2026-09-19 11:30:20] [INFO] --- [CHU KỲ #5] ---
[2026-09-19 11:30:20] [BLANK] 
[2026-09-19 11:30:20] [EMAIL] [2026-09-19 11:30:20] 🔍 Đang quét hòm thư 'INBOX' tìm thư chưa đọc...
[2026-09-19 11:30:20] [BLANK] 
[2026-09-19 11:30:22] [EMAIL]     -> Hộp thư sạch sẽ! Không có thư mới chưa đọc.
[2026-09-19 11:30:22] [BLANK] 
[2026-09-19 11:30:22] [INFO] ⏳ Nghỉ 15 giây trước lần quét tiếp theo...
[2026-09-19 11:30:22] [BLANK] 
[2026-09-19 11:30:37] [INFO] --- [CHU KỲ #6] ---
[2026-09-19 11:30:37] [BLANK] 
[2026-09-19 11:30:37] [EMAIL] [2026-09-19 11:30:37] 🔍 Đang quét hòm thư 'INBOX' tìm thư chưa đọc...
[2026-09-19 11:30:37] [BLANK] 
[2026-09-19 11:30:40] [EMAIL]     -> Hộp thư sạch sẽ! Không có thư mới chưa đọc.
[2026-09-19 11:30:40] [BLANK] 
[2026-09-19 11:30:40] [INFO] ⏳ Nghỉ 15 giây trước lần quét tiếp theo...
[2026-09-19 11:30:40] [BLANK] 
[2026-09-19 11:30:55] [INFO] --- [CHU KỲ #7] ---
[2026-09-19 11:30:55] [BLANK] 
[2026-09-19 11:30:55] [EMAIL] [2026-09-19 11:30:55] 🔍 Đang quét hòm thư 'INBOX' tìm thư chưa đọc...
[2026-09-19 11:30:55] [BLANK] 
[2026-09-19 11:30:59] [EMAIL]     -> Hộp thư sạch sẽ! Không có thư mới chưa đọc.
[2026-09-19 11:30:59] [BLANK] 
[2026-09-19 11:30:59] [INFO] ⏳ Nghỉ 15 giây trước lần quét tiếp theo...
[2026-09-19 11:30:59] [BLANK] 
[2026-09-19 11:31:03] [INFO] INFO:     Shutting down
[2026-09-19 11:31:03] [BLANK] 
[2026-09-19 11:31:03] [INFO] INFO:     Waiting for application shutdown.
[2026-09-19 11:31:03] [BLANK] 
[2026-09-19 11:31:03] [INFO] INFO:     Application shutdown complete.
[2026-09-19 11:31:03] [BLANK] 
[2026-09-19 11:31:03] [INFO] INFO:     Finished server process [27868]
[2026-09-19 11:31:03] [BLANK] 
[2026-09-19 11:31:03] [BLANK] 
[2026-09-19 11:31:03] [BLANK] 
[2026-09-19 11:46:20] [INFO] INFO:     Started server process [3412]
[2026-09-19 11:46:20] [BLANK] 
[2026-09-19 11:46:20] [INFO] INFO:     Waiting for application startup.
[2026-09-19 11:46:20] [BLANK] 
[2026-09-19 11:46:20] [DIVIDER] ===========================================================================
[2026-09-19 11:46:20] [BLANK] 
[2026-09-19 11:46:20] [INFO] 🌐 [FASTAPI LOG VIEWER] Khởi chạy thành công máy chủ Web xem Log!
[2026-09-19 11:46:20] [BLANK] 
[2026-09-19 11:46:20] [INFO] 👉 Mở trình duyệt truy cập: http://127.0.0.1:8000
[2026-09-19 11:46:20] [BLANK] 
[2026-09-19 11:46:20] [DIVIDER] ===========================================================================
[2026-09-19 11:46:20] [BLANK] 
[2026-09-19 11:46:20] [BLANK] 
[2026-09-19 11:46:20] [DIVIDER] ===========================================================================
[2026-09-19 11:46:20] [BLANK] 
[2026-09-19 11:46:20] [EMAIL]  🤖 HỆ THỐNG TỰ ĐỘNG THEO DÕI EMAIL & PHẢN HỒI BẰNG AI MULTI-AGENT
[2026-09-19 11:46:20] [BLANK] 
[2026-09-19 11:46:20] [DIVIDER] ===========================================================================
[2026-09-19 11:46:20] [BLANK] 
[2026-09-19 11:46:20] [SVD]  • Tài khoản hòm thư : msbservicedesk2026@gmail.com
[2026-09-19 11:46:20] [BLANK] 
[2026-09-19 11:46:20] [EMAIL]  • Máy chủ IMAP/SMTP : imap.gmail.com:993 / smtp.gmail.com:587
[2026-09-19 11:46:20] [BLANK] 
[2026-09-19 11:46:20] [EMAIL]  • Thư mục quét      : INBOX
[2026-09-19 11:46:20] [BLANK] 
[2026-09-19 11:46:20] [INFO]  • Chu kỳ kiểm tra   : 15 giây/lần
[2026-09-19 11:46:20] [BLANK] 
[2026-09-19 11:46:20] [INFO]  • Agent AI          : IT Support
[2026-09-19 11:46:20] [BLANK] 
[2026-09-19 11:46:20] [DIVIDER] ===========================================================================
[2026-09-19 11:46:20] [BLANK] 
[2026-09-19 11:46:20] [INFO]  Nhấn Ctrl + C bất cứ lúc nào để dừng chương trình an toàn.
[2026-09-19 11:46:20] [BLANK] 
[2026-09-19 11:46:20] [INFO] [CHẾ ĐỘ TỰ ĐỘNG ĐỊNH KỲ] Quét mỗi 15 giây một lần...
[2026-09-19 11:46:20] [BLANK] 
[2026-09-19 11:46:20] [INFO] --- [CHU KỲ #1] ---
[2026-09-19 11:46:20] [BLANK] 
[2026-09-19 11:46:20] [EMAIL] [2026-09-19 11:46:20] 🔍 Đang quét hòm thư 'INBOX' tìm thư chưa đọc...
[2026-09-19 11:46:20] [INFO] INFO:     Application startup complete.
[2026-09-19 11:46:20] [BLANK] 
[2026-09-19 11:46:20] [BLANK] 
[2026-09-19 11:46:20] [INFO] INFO:     Uvicorn running on http://0.0.0.0:8000 (Press CTRL+C to quit)
[2026-09-19 11:46:20] [BLANK] 
[2026-09-19 11:46:22] [EMAIL]     -> Hộp thư sạch sẽ! Không có thư mới chưa đọc.
[2026-09-19 11:46:22] [BLANK] 
[2026-09-19 11:46:22] [INFO] ⏳ Nghỉ 15 giây trước lần quét tiếp theo...
[2026-09-19 11:46:22] [BLANK] 
[2026-09-19 11:46:38] [INFO] --- [CHU KỲ #2] ---
[2026-09-19 11:46:38] [BLANK] 
[2026-09-19 11:46:38] [EMAIL] [2026-09-19 11:46:38] 🔍 Đang quét hòm thư 'INBOX' tìm thư chưa đọc...
[2026-09-19 11:46:38] [BLANK] 
[2026-09-19 11:46:40] [EMAIL]     -> Hộp thư sạch sẽ! Không có thư mới chưa đọc.
[2026-09-19 11:46:40] [BLANK] 
[2026-09-19 11:46:40] [INFO] ⏳ Nghỉ 15 giây trước lần quét tiếp theo...
[2026-09-19 11:46:40] [BLANK] 
[2026-09-19 11:46:43] [BLANK] 
[2026-09-19 11:46:43] [EMAIL] 🚀 [AI AGENT SERVICE DESK] Tiếp nhận email từ user@company.com | Tiêu đề: 'Tài khoản portal của tôi bị khóa do nhập sai mật khẩu quá 5 lần sáng n'...
[2026-09-19 11:46:43] [BLANK] 
[2026-09-19 11:46:43] [BLANK] 
[2026-09-19 11:46:43] [DIVIDER] ======================================================================
[2026-09-19 11:46:43] [BLANK] 
[2026-09-19 11:46:43] [STEP] 🔹 [BƯỚC 1: USER REQUEST] TIẾP NHẬN YÊU CẦU NGÔN NGỮ TỰ NHIÊN
[2026-09-19 11:46:43] [BLANK] 
[2026-09-19 11:46:43] [DIVIDER] ======================================================================
[2026-09-19 11:46:43] [BLANK] 
[2026-09-19 11:46:43] [INFO]  • Người gửi   : Anh/Chị <user@company.com>
[2026-09-19 11:46:43] [BLANK] 
[2026-09-19 11:46:43] [INFO]  • Tiêu đề     : Tài khoản portal của tôi bị khóa do nhập sai mật khẩu quá 5 lần sáng n
[2026-09-19 11:46:43] [BLANK] 
[2026-09-19 11:46:43] [INFO]  • Nội dung gốc: Tài khoản portal của tôi bị khóa do nhập sai mật khẩu quá 5 lần sáng nay. Tôi cần cấp lại mật khẩu g...
[2026-09-19 11:46:43] [BLANK] 
[2026-09-19 11:46:43] [SUCCESS] ✅ [KB_ENGINE] Đã nạp thành công 6 bản ghi cài đặt phần mềm từ sheet 'ServiceRequest' (Optimized_IT_KnowledgeBase_v1.2.xlsx).
[2026-09-19 11:46:43] [BLANK] 
[2026-09-19 11:46:44] [WARNING] ⚠️ [AI AGENT SERVICE DESK] Lỗi khi chạy quy trình: Missing credentials. Please pass an `api_key`, `workload_identity`, `admin_api_key`, or set the `OPENAI_API_KEY` or `OPENAI_ADMIN_KEY` environment variable.. Kích hoạt chế độ dự phòng...
[2026-09-19 11:46:44] [BLANK] 
[2026-09-19 11:46:55] [INFO] --- [CHU KỲ #3] ---
[2026-09-19 11:46:55] [BLANK] 
[2026-09-19 11:46:55] [EMAIL] [2026-09-19 11:46:55] 🔍 Đang quét hòm thư 'INBOX' tìm thư chưa đọc...
[2026-09-19 11:46:55] [BLANK] 
[2026-09-19 11:46:57] [EMAIL]     -> Hộp thư sạch sẽ! Không có thư mới chưa đọc.
[2026-09-19 11:46:57] [BLANK] 
[2026-09-19 11:46:58] [INFO] ⏳ Nghỉ 15 giây trước lần quét tiếp theo...
[2026-09-19 11:46:58] [BLANK] 
[2026-09-19 11:47:13] [INFO] --- [CHU KỲ #4] ---
[2026-09-19 11:47:13] [BLANK] 
[2026-09-19 11:47:13] [EMAIL] [2026-09-19 11:47:13] 🔍 Đang quét hòm thư 'INBOX' tìm thư chưa đọc...
[2026-09-19 11:47:13] [BLANK] 
[2026-09-19 11:47:15] [EMAIL]     -> Hộp thư sạch sẽ! Không có thư mới chưa đọc.
[2026-09-19 11:47:15] [BLANK] 
[2026-09-19 11:47:15] [INFO] ⏳ Nghỉ 15 giây trước lần quét tiếp theo...
[2026-09-19 11:47:15] [BLANK] 
[2026-09-19 11:47:16] [INFO] INFO:     Shutting down
[2026-09-19 11:47:16] [BLANK] 
[2026-09-19 11:47:16] [INFO] INFO:     Waiting for application shutdown.
[2026-09-19 11:47:16] [BLANK] 
[2026-09-19 11:47:16] [INFO] INFO:     Application shutdown complete.
[2026-09-19 11:47:16] [BLANK] 
[2026-09-19 11:47:16] [INFO] INFO:     Finished server process [3412]
[2026-09-19 11:47:16] [BLANK] 
[2026-09-19 11:47:16] [BLANK] 
[2026-09-19 11:47:16] [BLANK] 
[2026-09-19 11:47:25] [INFO] INFO:     Started server process [31828]
[2026-09-19 11:47:25] [BLANK] 
[2026-09-19 11:47:25] [INFO] INFO:     Waiting for application startup.
[2026-09-19 11:47:25] [BLANK] 
[2026-09-19 11:47:25] [DIVIDER] ===========================================================================
[2026-09-19 11:47:25] [BLANK] 
[2026-09-19 11:47:25] [INFO] 🌐 [FASTAPI LOG VIEWER] Khởi chạy thành công máy chủ Web xem Log!
[2026-09-19 11:47:25] [BLANK] 
[2026-09-19 11:47:25] [INFO] 👉 Mở trình duyệt truy cập: http://127.0.0.1:8000
[2026-09-19 11:47:25] [BLANK] 
[2026-09-19 11:47:25] [DIVIDER] ===========================================================================
[2026-09-19 11:47:25] [BLANK] 
[2026-09-19 11:47:25] [BLANK] 
[2026-09-19 11:47:25] [DIVIDER] ===========================================================================
[2026-09-19 11:47:25] [BLANK] 
[2026-09-19 11:47:25] [EMAIL]  🤖 HỆ THỐNG TỰ ĐỘNG THEO DÕI EMAIL & PHẢN HỒI BẰNG AI MULTI-AGENT
[2026-09-19 11:47:25] [BLANK] 
[2026-09-19 11:47:25] [DIVIDER] ===========================================================================
[2026-09-19 11:47:25] [BLANK] 
[2026-09-19 11:47:25] [SVD]  • Tài khoản hòm thư : msbservicedesk2026@gmail.com
[2026-09-19 11:47:25] [BLANK] 
[2026-09-19 11:47:25] [EMAIL]  • Máy chủ IMAP/SMTP : imap.gmail.com:993 / smtp.gmail.com:587
[2026-09-19 11:47:25] [BLANK] 
[2026-09-19 11:47:25] [EMAIL]  • Thư mục quét      : INBOX
[2026-09-19 11:47:25] [BLANK] 
[2026-09-19 11:47:25] [INFO]  • Chu kỳ kiểm tra   : 15 giây/lần
[2026-09-19 11:47:25] [BLANK] 
[2026-09-19 11:47:25] [INFO]  • Agent AI          : IT Support
[2026-09-19 11:47:25] [BLANK] 
[2026-09-19 11:47:25] [DIVIDER] ===========================================================================
[2026-09-19 11:47:25] [BLANK] 
[2026-09-19 11:47:25] [INFO]  Nhấn Ctrl + C bất cứ lúc nào để dừng chương trình an toàn.
[2026-09-19 11:47:25] [BLANK] 
[2026-09-19 11:47:25] [INFO] [CHẾ ĐỘ TỰ ĐỘNG ĐỊNH KỲ] Quét mỗi 15 giây một lần...
[2026-09-19 11:47:25] [BLANK] 
[2026-09-19 11:47:25] [INFO] --- [CHU KỲ #1] ---
[2026-09-19 11:47:25] [BLANK] 
[2026-09-19 11:47:25] [EMAIL] [2026-09-19 11:47:25] 🔍 Đang quét hòm thư 'INBOX' tìm thư chưa đọc...
[2026-09-19 11:47:25] [INFO] INFO:     Application startup complete.
[2026-09-19 11:47:25] [BLANK] 
[2026-09-19 11:47:25] [BLANK] 
[2026-09-19 11:47:25] [INFO] INFO:     Uvicorn running on http://0.0.0.0:8000 (Press CTRL+C to quit)
[2026-09-19 11:47:25] [BLANK] 
[2026-09-19 11:47:27] [EMAIL]     -> Hộp thư sạch sẽ! Không có thư mới chưa đọc.
[2026-09-19 11:47:27] [BLANK] 
[2026-09-19 11:47:27] [INFO] ⏳ Nghỉ 15 giây trước lần quét tiếp theo...
[2026-09-19 11:47:27] [BLANK] 
[2026-09-19 11:47:42] [INFO] --- [CHU KỲ #2] ---
[2026-09-19 11:47:42] [BLANK] 
[2026-09-19 11:47:42] [EMAIL] [2026-09-19 11:47:42] 🔍 Đang quét hòm thư 'INBOX' tìm thư chưa đọc...
[2026-09-19 11:47:42] [BLANK] 
[2026-09-19 11:47:45] [EMAIL]     -> Hộp thư sạch sẽ! Không có thư mới chưa đọc.
[2026-09-19 11:47:45] [BLANK] 
[2026-09-19 11:47:45] [INFO] ⏳ Nghỉ 15 giây trước lần quét tiếp theo...
[2026-09-19 11:47:45] [BLANK] 
[2026-09-19 11:48:00] [INFO] --- [CHU KỲ #3] ---
[2026-09-19 11:48:00] [BLANK] 
[2026-09-19 11:48:00] [EMAIL] [2026-09-19 11:48:00] 🔍 Đang quét hòm thư 'INBOX' tìm thư chưa đọc...
[2026-09-19 11:48:00] [BLANK] 
[2026-09-19 11:48:02] [EMAIL]     -> Hộp thư sạch sẽ! Không có thư mới chưa đọc.
[2026-09-19 11:48:02] [BLANK] 
[2026-09-19 11:48:02] [INFO] ⏳ Nghỉ 15 giây trước lần quét tiếp theo...
[2026-09-19 11:48:02] [BLANK] 
[2026-09-19 11:48:03] [BLANK] 
[2026-09-19 11:48:03] [EMAIL] 🚀 [AI AGENT SERVICE DESK] Tiếp nhận email từ user@company.com | Tiêu đề: 'Tài khoản portal của tôi (user@company.com) bị khóa do nhập sai mật kh'...
[2026-09-19 11:48:03] [BLANK] 
[2026-09-19 11:48:03] [BLANK] 
[2026-09-19 11:48:03] [DIVIDER] ======================================================================
[2026-09-19 11:48:03] [BLANK] 
[2026-09-19 11:48:03] [STEP] 🔹 [BƯỚC 1: USER REQUEST] TIẾP NHẬN YÊU CẦU NGÔN NGỮ TỰ NHIÊN
[2026-09-19 11:48:03] [BLANK] 
[2026-09-19 11:48:03] [DIVIDER] ======================================================================
[2026-09-19 11:48:03] [BLANK] 
[2026-09-19 11:48:03] [INFO]  • Người gửi   : Anh/Chị <user@company.com>
[2026-09-19 11:48:03] [BLANK] 
[2026-09-19 11:48:03] [INFO]  • Tiêu đề     : Tài khoản portal của tôi (user@company.com) bị khóa do nhập sai mật kh
[2026-09-19 11:48:03] [BLANK] 
[2026-09-19 11:48:03] [INFO]  • Nội dung gốc: Tài khoản portal của tôi (user@company.com) bị khóa do nhập sai mật khẩu quá 5 lần sáng nay. Tôi cần...
[2026-09-19 11:48:03] [BLANK] 
[2026-09-19 11:48:03] [SUCCESS] ✅ [KB_ENGINE] Đã nạp thành công 6 bản ghi cài đặt phần mềm từ sheet 'ServiceRequest' (Optimized_IT_KnowledgeBase_v1.2.xlsx).
[2026-09-19 11:48:03] [BLANK] 
[2026-09-19 11:48:17] [BLANK] 
[2026-09-19 11:48:17] [DIVIDER] ======================================================================
[2026-09-19 11:48:17] [BLANK] 
[2026-09-19 11:48:17] [INFO] 🧭 [CENTER ROUTER] ĐIỀU PHỐI QUY TRÌNH HỆ THỐNG
[2026-09-19 11:48:17] [BLANK] 
[2026-09-19 11:48:17] [DIVIDER] ======================================================================
[2026-09-19 11:48:17] [BLANK] 
[2026-09-19 11:48:17] [INFO]  • Phân nhánh Subflow : 🛠️ SUBFLOW A: XỬ LÝ SỰ CỐ
[2026-09-19 11:48:17] [BLANK] 
[2026-09-19 11:48:17] [INFO]  • Lý do định tuyến   : Yêu cầu mở khóa và đặt lại mật khẩu tài khoản do nhập sai nhiều lần, thuộc nhóm sự cố kỹ thuật/lỗi xác thực.
[2026-09-19 11:48:17] [BLANK] 
[2026-09-19 11:48:17] [SUCCESS] ✅ [KB_ENGINE] Đã nạp thành công 15 bản ghi sự cố từ sheet 'IncidentReport' (Optimized_IT_KnowledgeBase_v1.2.xlsx).
[2026-09-19 11:48:17] [BLANK] 
[2026-09-19 11:48:17] [INFO] --- [CHU KỲ #4] ---
[2026-09-19 11:48:17] [BLANK] 
[2026-09-19 11:48:17] [EMAIL] [2026-09-19 11:48:17] 🔍 Đang quét hòm thư 'INBOX' tìm thư chưa đọc...
[2026-09-19 11:48:17] [BLANK] 
[2026-09-19 11:48:20] [EMAIL]     -> Hộp thư sạch sẽ! Không có thư mới chưa đọc.
[2026-09-19 11:48:20] [BLANK] 
[2026-09-19 11:48:20] [INFO] ⏳ Nghỉ 15 giây trước lần quét tiếp theo...
[2026-09-19 11:48:20] [BLANK] 
[2026-09-19 11:48:34] [BLANK] 
[2026-09-19 11:48:34] [DIVIDER] ======================================================================
[2026-09-19 11:48:34] [BLANK] 
[2026-09-19 11:48:34] [STEP] 🔹 [BƯỚC 2: INTENT] XÁC ĐỊNH LOẠI VẤN ĐỀ & TRẠNG THÁI GIẢI QUYẾT
[2026-09-19 11:48:34] [BLANK] 
[2026-09-19 11:48:34] [DIVIDER] ======================================================================
[2026-09-19 11:48:34] [BLANK] 
[2026-09-19 11:48:34] [INFO]  • Trạng thái giải quyết: 🔄 VẪN CẦN HỖ TRỢ (IN PROGRESS)
[2026-09-19 11:48:34] [BLANK] 
[2026-09-19 11:48:34] [INFO]  • Nhóm (Category)      : Network / Authentication
[2026-09-19 11:48:34] [BLANK] 
[2026-09-19 11:48:34] [SUCCESS]  • Ý định (Intent)      : Network Password Authentication
[2026-09-19 11:48:34] [BLANK] 
[2026-09-19 11:48:34] [INFO]  • Mức ưu tiên          : HIGH
[2026-09-19 11:48:34] [BLANK] 
[2026-09-19 11:48:34] [INFO]  • Tóm tắt vấn đề       : Người dùng yêu cầu mở khóa và cấp lại mật khẩu khẩn cấp cho tài khoản portal bị khóa do nhập sai mật khẩu để kịp xử lý chứng từ khách hàng.
[2026-09-19 11:48:34] [BLANK] 
[2026-09-19 11:48:35] [INFO] --- [CHU KỲ #5] ---
[2026-09-19 11:48:35] [BLANK] 
[2026-09-19 11:48:35] [EMAIL] [2026-09-19 11:48:35] 🔍 Đang quét hòm thư 'INBOX' tìm thư chưa đọc...
[2026-09-19 11:48:35] [BLANK] 
[2026-09-19 11:48:37] [EMAIL]     -> Hộp thư sạch sẽ! Không có thư mới chưa đọc.
[2026-09-19 11:48:37] [BLANK] 
[2026-09-19 11:48:37] [INFO] ⏳ Nghỉ 15 giây trước lần quét tiếp theo...
[2026-09-19 11:48:37] [BLANK] 
[2026-09-19 11:48:52] [INFO] --- [CHU KỲ #6] ---
[2026-09-19 11:48:52] [BLANK] 
[2026-09-19 11:48:52] [EMAIL] [2026-09-19 11:48:52] 🔍 Đang quét hòm thư 'INBOX' tìm thư chưa đọc...
[2026-09-19 11:48:52] [BLANK] 
[2026-09-19 11:48:53] [BLANK] 
[2026-09-19 11:48:53] [DIVIDER] ======================================================================
[2026-09-19 11:48:53] [BLANK] 
[2026-09-19 11:48:53] [STEP] 🔹 [BƯỚC 3: CONTEXT] THU THẬP THÔNG TIN CẦN THIẾT
[2026-09-19 11:48:53] [BLANK] 
[2026-09-19 11:48:53] [DIVIDER] ======================================================================
[2026-09-19 11:48:53] [BLANK] 
[2026-09-19 11:48:53] [SUCCESS]  • Tiêu chuẩn yêu cầu (Required) : UserID, PasswordChanged, SignIn Status
[2026-09-19 11:48:53] [BLANK] 
[2026-09-19 11:48:53] [INFO]  • Mã người dùng (UserID)        : user@company.com
[2026-09-19 11:48:53] [BLANK] 
[2026-09-19 11:48:53] [INFO]  • Môi trường / Thiết bị         : Chưa rõ
[2026-09-19 11:48:53] [BLANK] 
[2026-09-19 11:48:53] [INFO]  • Trạng thái / Mã lỗi           : Tài khoản bị khóa do vượt quá giới hạn nhập sai mật khẩu (5 lần)
[2026-09-19 11:48:53] [BLANK] 
[2026-09-19 11:48:53] [SUCCESS]  • Thông tin còn thiếu           : PasswordChanged
[2026-09-19 11:48:53] [BLANK] 
[2026-09-19 11:48:53] [INFO]  • Tóm lược ngữ cảnh             : Người dùng báo cáo tài khoản portal (user@company.com) bị khóa tạm thời sau 5 lần đăng nhập thất bại do nhập sai mật khẩu sáng nay. Cần hỗ trợ đặt lại mật khẩu khẩn cấp để xử lý chứng từ khách hàng. Thiếu thông tin về môi trường thiết bị/kết nối và trạng thái thay đổi mật khẩu trước đó.
[2026-09-19 11:48:53] [BLANK] 
[2026-09-19 11:48:53] [BLANK] 
[2026-09-19 11:48:53] [DIVIDER] ======================================================================
[2026-09-19 11:48:53] [BLANK] 
[2026-09-19 11:48:53] [STEP] 🔹 [BƯỚC 4: KNOWLEDGE] TÌM KIẾM KB / SOP & TICKET TƯƠNG TỰ
[2026-09-19 11:48:53] [BLANK] 
[2026-09-19 11:48:53] [DIVIDER] ======================================================================
[2026-09-19 11:48:53] [BLANK] 
[2026-09-19 11:48:53] [INFO]  • Mã tri thức (KB_ID)     : NET-02.1
[2026-09-19 11:48:53] [BLANK] 
[2026-09-19 11:48:53] [SUCCESS]  • Quy trình / Phân loại   : Network / Authentication -> Network Password Authentication
[2026-09-19 11:48:53] [BLANK] 
[2026-09-19 11:48:53] [SUCCESS]  • Điều kiện chuẩn (IF)    : User vừa đổi mật khẩu hoặc Password hết hạn
[2026-09-19 11:48:53] [BLANK] 
[2026-09-19 11:48:53] [SUCCESS]  • Nguyên nhân gốc (THEN)  : Password Authentication Failure
[2026-09-19 11:48:53] [BLANK] 
[2026-09-19 11:48:53] [SUCCESS]  • Hướng xử lý chuẩn (SOP) : Hướng dẫn Reset password / Xóa profile Wifi cũ kết nối lại
[2026-09-19 11:48:53] [BLANK] 
[2026-09-19 11:48:53] [INFO]  • Đội ngũ phụ trách       : Network Team
[2026-09-19 11:48:53] [BLANK] 
[2026-09-19 11:48:53] [SVD]  • Tìm thấy 2 Ticket tương tự trong quá khứ:
[2026-09-19 11:48:53] [BLANK] 
[2026-09-19 11:48:53] [SVD]    - [SVD-140] Tài khoản portal của tôi (user@company.com) bị khóa do nhập sai mật kh -> ESCALATED_TIER_2
[2026-09-19 11:48:53] [BLANK] 
[2026-09-19 11:48:53] [INFO]    - [INC-20260919-6084] Tài khoản portal của tôi bị khóa do nhập sai mật khẩu quá 5 lần sáng n -> ESCALATED_TIER_2
[2026-09-19 11:48:53] [BLANK] 
[2026-09-19 11:48:54] [EMAIL]     -> Hộp thư sạch sẽ! Không có thư mới chưa đọc.
[2026-09-19 11:48:54] [BLANK] 
[2026-09-19 11:48:55] [INFO] ⏳ Nghỉ 15 giây trước lần quét tiếp theo...
[2026-09-19 11:48:55] [BLANK] 
[2026-09-19 11:49:05] [BLANK] 
[2026-09-19 11:49:05] [DIVIDER] ======================================================================
[2026-09-19 11:49:05] [BLANK] 
[2026-09-19 11:49:05] [STEP] 🔹 [BƯỚC 5: DIAGNOSTIC] PHÂN TÍCH TRIỆU CHỨNG & NGUYÊN NHÂN
[2026-09-19 11:49:05] [BLANK] 
[2026-09-19 11:49:05] [DIVIDER] ======================================================================
[2026-09-19 11:49:05] [BLANK] 
[2026-09-19 11:49:05] [INFO]  • Kiểm tra điều kiện (IF)  : Không đạt - Triệu chứng người dùng là tài khoản bị khóa do nhập sai mật khẩu quá 5 lần, không khớp với điều kiện IF (vừa đổi mật khẩu hoặc mật khẩu hết hạn).
[2026-09-19 11:49:05] [BLANK] 
[2026-09-19 11:49:05] [INFO]  • Nguyên nhân cốt lõi (THEN): Kích hoạt chính sách khóa tài khoản (Account Lockout) do vượt quá giới hạn 5 lần xác thực mật khẩu thất bại liên tiếp.
[2026-09-19 11:49:05] [BLANK] 
[2026-09-19 11:49:05] [INFO]  • Khả năng tự xử lý (Self) : Cần IT can thiệp trực tiếp (Escalation)
[2026-09-19 11:49:05] [BLANK] 
[2026-09-19 11:49:05] [INFO]  • Tóm lược chẩn đoán       : Tài khoản portal của bạn đã bị khóa tạm thời do nhập sai mật khẩu quá 5 lần. Để khôi phục truy cập khẩn cấp, vui lòng liên hệ IT Helpdesk để được xác thực danh tính và kỹ sư sẽ tiến hành mở khóa/cấp lại mật khẩu mới cho bạn.
[2026-09-19 11:49:05] [BLANK] 
[2026-09-19 11:49:10] [INFO] --- [CHU KỲ #7] ---
[2026-09-19 11:49:10] [BLANK] 
[2026-09-19 11:49:10] [EMAIL] [2026-09-19 11:49:10] 🔍 Đang quét hòm thư 'INBOX' tìm thư chưa đọc...
[2026-09-19 11:49:10] [BLANK] 
[2026-09-19 11:49:12] [EMAIL]     -> Hộp thư sạch sẽ! Không có thư mới chưa đọc.
[2026-09-19 11:49:12] [BLANK] 
[2026-09-19 11:49:12] [INFO] ⏳ Nghỉ 15 giây trước lần quét tiếp theo...
[2026-09-19 11:49:12] [BLANK] 
[2026-09-19 11:49:27] [INFO] --- [CHU KỲ #8] ---
[2026-09-19 11:49:27] [BLANK] 
[2026-09-19 11:49:27] [EMAIL] [2026-09-19 11:49:27] 🔍 Đang quét hòm thư 'INBOX' tìm thư chưa đọc...
[2026-09-19 11:49:27] [BLANK] 
[2026-09-19 11:49:29] [EMAIL]     -> Hộp thư sạch sẽ! Không có thư mới chưa đọc.
[2026-09-19 11:49:29] [BLANK] 
[2026-09-19 11:49:29] [INFO] ⏳ Nghỉ 15 giây trước lần quét tiếp theo...
[2026-09-19 11:49:29] [BLANK] 
[2026-09-19 11:49:43] [BLANK] 
[2026-09-19 11:49:43] [DIVIDER] ======================================================================
[2026-09-19 11:49:43] [BLANK] 
[2026-09-19 11:49:43] [STEP] 🔹 [BƯỚC 6: RECOMMENDATION] ĐƯA RA HƯỚNG XỬ LÝ & GIẢI PHÁP
[2026-09-19 11:49:43] [BLANK] 
[2026-09-19 11:49:43] [DIVIDER] ======================================================================
[2026-09-19 11:49:43] [BLANK] 
[2026-09-19 11:49:43] [SUCCESS]  • Hành động chuẩn (SOP) : Hướng dẫn Reset password / Xóa profile Wifi cũ kết nối lại
[2026-09-19 11:49:43] [BLANK] 
[2026-09-19 11:49:43] [INFO]  • Hướng dẫn chi tiết (Trích đoạn):
[2026-09-19 11:49:43] [INFO] **CHỦ ĐỀ: HƯỚNG DẪN KHÔI PHỤC TÀI KHOẢN PORTAL & XỬ LÝ SỰ CỐ BỊ KHÓA MẬT KHẨU**
[2026-09-19 11:49:43] [BLANK] 
[2026-09-19 11:49:43] [INFO] Kính gửi Anh/Chị,
[2026-09-19 11:49:43] [BLANK] 
[2026-09-19 11:49:43] [INFO] Bộ phận Hỗ trợ Cấp cao IT Service Desk đã ghi nhận yêu cầu của Anh/Chị. Tài khoản portal `user@compa...
[2026-09-19 11:49:43] [BLANK] 
[2026-09-19 11:49:43] [SVD] 🆕 [TICKET_SYSTEM] Phát hiện sự cố mới hoàn toàn -> Tiến hành tạo Ticket mới trên ServiceDesk Plus...
[2026-09-19 11:49:43] [BLANK] 
[2026-09-19 11:49:43] [SVD] 🌐 [SVD_UTILS] Đang gửi yêu cầu tạo Ticket lên ServiceDesk (https://49.213.71.61:8089)...
[2026-09-19 11:49:43] [BLANK] 
[2026-09-19 11:49:43] [SUCCESS] ✅ [SVD_UTILS THÀNH CÔNG] Đã tạo Ticket mới thực tế ID: #143
[2026-09-19 11:49:43] [BLANK] 
[2026-09-19 11:49:43] [SVD] 🔗 [SVD LINK]: https://49.213.71.61:8089/WorkOrder.do?woMode=viewWO&woID=143
[2026-09-19 11:49:43] [BLANK] 
[2026-09-19 11:49:44] [SVD] 💾 [TICKET_SYSTEM] Đã lưu Ticket mới và nội dung email vào database nội bộ.
[2026-09-19 11:49:44] [BLANK] 
[2026-09-19 11:49:44] [BLANK] 
[2026-09-19 11:49:44] [DIVIDER] ======================================================================
[2026-09-19 11:49:44] [BLANK] 
[2026-09-19 11:49:44] [STEP] 🔹 [BƯỚC 7: TICKET] XỬ LÝ VÒNG ĐỜI TICKET HỖ TRỢ IT
[2026-09-19 11:49:44] [BLANK] 
[2026-09-19 11:49:44] [DIVIDER] ======================================================================
[2026-09-19 11:49:44] [BLANK] 
[2026-09-19 11:49:44] [SVD]  • Hành động thực hiện   : CREATED_NEW_TICKET
[2026-09-19 11:49:44] [BLANK] 
[2026-09-19 11:49:44] [SVD]  • Mã Ticket (TicketID)  : SVD-143
[2026-09-19 11:49:44] [BLANK] 
[2026-09-19 11:49:44] [SVD]  • ServiceDesk ID        : #143
[2026-09-19 11:49:44] [BLANK] 
[2026-09-19 11:49:44] [INFO]  • Đội ngũ phụ trách     : Network Team
[2026-09-19 11:49:44] [BLANK] 
[2026-09-19 11:49:44] [INFO]  • Mức ưu tiên           : HIGH
[2026-09-19 11:49:44] [BLANK] 
[2026-09-19 11:49:44] [SVD]  • Trạng thái Ticket     : ESCALATED_TIER_2
[2026-09-19 11:49:44] [BLANK] 
[2026-09-19 11:49:44] [SVD]  • Link ServiceDesk      : https://49.213.71.61:8089/WorkOrder.do?woMode=viewWO&woID=143
[2026-09-19 11:49:44] [BLANK] 
[2026-09-19 11:49:44] [SVD]  • Cơ sở dữ liệu Ticket  : data/tickets_db.json
[2026-09-19 11:49:44] [BLANK] 
[2026-09-19 11:49:44] [INFO] 💾 [KNOWLEDGE FEEDBACK] Đã cập nhật kết quả xử lý vào kho dữ liệu tri thức 'data/resolutions_history.json'.
[2026-09-19 11:49:44] [BLANK] 
[2026-09-19 11:49:44] [BLANK] 
[2026-09-19 11:49:44] [DIVIDER] ======================================================================
[2026-09-19 11:49:44] [BLANK] 
[2026-09-19 11:49:44] [STEP] 🔹 [BƯỚC 8: RESOLUTION] LƯU TRI THỨC & ĐÓNG GÓI EMAIL PHẢN HỒI
[2026-09-19 11:49:44] [BLANK] 
[2026-09-19 11:49:44] [DIVIDER] ======================================================================
[2026-09-19 11:49:44] [BLANK] 
[2026-09-19 11:49:44] [SVD]  • Mã Ticket         : SVD-143
[2026-09-19 11:49:44] [BLANK] 
[2026-09-19 11:49:44] [SVD]  • Tiêu đề phản hồi  : Re: [SVD-143] Tài khoản portal của tôi (user@company.com) bị khóa do nhập sai mật kh
[2026-09-19 11:49:44] [BLANK] 
[2026-09-19 11:49:44] [INFO]  • Cập nhật lịch sử  : data/resolutions_history.json
[2026-09-19 11:49:44] [BLANK] 
[2026-09-19 11:49:44] [EMAIL]  • Email phản hồi (HTML & Plain Text) đã sẵn sàng để gửi.
[2026-09-19 11:49:44] [BLANK] 
[2026-09-19 11:49:44] [BLANK] 
[2026-09-19 11:49:44] [SUCCESS] 🎯 [HOÀN TẤT - SUBFLOW A: XỬ LÝ SỰ CỐ] Ticket: SVD-143 | Đội ngũ: Network Team | Trạng thái: ESCALATED_TIER_2
[2026-09-19 11:49:44] [BLANK] 
[2026-09-19 11:49:44] [INFO] --- [CHU KỲ #9] ---
[2026-09-19 11:49:44] [BLANK] 
[2026-09-19 11:49:44] [EMAIL] [2026-09-19 11:49:44] 🔍 Đang quét hòm thư 'INBOX' tìm thư chưa đọc...
[2026-09-19 11:49:44] [BLANK] 
[2026-09-19 11:49:49] [EMAIL]     -> Hộp thư sạch sẽ! Không có thư mới chưa đọc.
[2026-09-19 11:49:49] [BLANK] 
[2026-09-19 11:49:49] [INFO] ⏳ Nghỉ 15 giây trước lần quét tiếp theo...
[2026-09-19 11:49:49] [BLANK] 
[2026-09-19 11:50:04] [INFO] --- [CHU KỲ #10] ---
[2026-09-19 11:50:04] [BLANK] 
[2026-09-19 11:50:04] [EMAIL] [2026-09-19 11:50:04] 🔍 Đang quét hòm thư 'INBOX' tìm thư chưa đọc...
[2026-09-19 11:50:04] [BLANK] 
[2026-09-19 11:50:06] [EMAIL]     -> Hộp thư sạch sẽ! Không có thư mới chưa đọc.
[2026-09-19 11:50:06] [BLANK] 
[2026-09-19 11:50:07] [INFO] ⏳ Nghỉ 15 giây trước lần quét tiếp theo...
[2026-09-19 11:50:07] [BLANK] 
[2026-09-19 11:50:22] [INFO] --- [CHU KỲ #11] ---
[2026-09-19 11:50:22] [BLANK] 
[2026-09-19 11:50:22] [EMAIL] [2026-09-19 11:50:22] 🔍 Đang quét hòm thư 'INBOX' tìm thư chưa đọc...
[2026-09-19 11:50:22] [BLANK] 
[2026-09-19 11:50:24] [EMAIL]     -> Hộp thư sạch sẽ! Không có thư mới chưa đọc.
[2026-09-19 11:50:24] [BLANK] 
[2026-09-19 11:50:24] [INFO] ⏳ Nghỉ 15 giây trước lần quét tiếp theo...
[2026-09-19 11:50:24] [BLANK] 
[2026-09-19 11:50:39] [INFO] --- [CHU KỲ #12] ---
[2026-09-19 11:50:39] [BLANK] 
[2026-09-19 11:50:39] [EMAIL] [2026-09-19 11:50:39] 🔍 Đang quét hòm thư 'INBOX' tìm thư chưa đọc...
[2026-09-19 11:50:39] [BLANK] 
[2026-09-19 11:50:44] [EMAIL]     -> Hộp thư sạch sẽ! Không có thư mới chưa đọc.
[2026-09-19 11:50:44] [BLANK] 
[2026-09-19 11:50:44] [INFO] ⏳ Nghỉ 15 giây trước lần quét tiếp theo...
[2026-09-19 11:50:44] [BLANK] 
[2026-09-19 11:50:59] [INFO] --- [CHU KỲ #13] ---
[2026-09-19 11:50:59] [BLANK] 
[2026-09-19 11:50:59] [EMAIL] [2026-09-19 11:50:59] 🔍 Đang quét hòm thư 'INBOX' tìm thư chưa đọc...
[2026-09-19 11:50:59] [BLANK] 
[2026-09-19 11:51:01] [EMAIL]     -> Hộp thư sạch sẽ! Không có thư mới chưa đọc.
[2026-09-19 11:51:01] [BLANK] 
[2026-09-19 11:51:01] [INFO] ⏳ Nghỉ 15 giây trước lần quét tiếp theo...
[2026-09-19 11:51:01] [BLANK] 
[2026-09-19 11:51:17] [INFO] --- [CHU KỲ #14] ---
[2026-09-19 11:51:17] [BLANK] 
[2026-09-19 11:51:17] [EMAIL] [2026-09-19 11:51:17] 🔍 Đang quét hòm thư 'INBOX' tìm thư chưa đọc...
[2026-09-19 11:51:17] [BLANK] 
[2026-09-19 11:51:19] [EMAIL]     -> Hộp thư sạch sẽ! Không có thư mới chưa đọc.
[2026-09-19 11:51:19] [BLANK] 
[2026-09-19 11:51:19] [INFO] ⏳ Nghỉ 15 giây trước lần quét tiếp theo...
[2026-09-19 11:51:19] [BLANK] 
[2026-09-19 11:51:34] [INFO] --- [CHU KỲ #15] ---
[2026-09-19 11:51:34] [BLANK] 
[2026-09-19 11:51:34] [EMAIL] [2026-09-19 11:51:34] 🔍 Đang quét hòm thư 'INBOX' tìm thư chưa đọc...
[2026-09-19 11:51:34] [BLANK] 
[2026-09-19 11:51:38] [EMAIL]     -> Hộp thư sạch sẽ! Không có thư mới chưa đọc.
[2026-09-19 11:51:38] [BLANK] 
[2026-09-19 11:51:38] [INFO] ⏳ Nghỉ 15 giây trước lần quét tiếp theo...
[2026-09-19 11:51:38] [BLANK] 
[2026-09-19 11:51:53] [INFO] --- [CHU KỲ #16] ---
[2026-09-19 11:51:53] [BLANK] 
[2026-09-19 11:51:53] [EMAIL] [2026-09-19 11:51:53] 🔍 Đang quét hòm thư 'INBOX' tìm thư chưa đọc...
[2026-09-19 11:51:53] [BLANK] 
[2026-09-19 11:51:55] [EMAIL]     -> Hộp thư sạch sẽ! Không có thư mới chưa đọc.
[2026-09-19 11:51:55] [BLANK] 
[2026-09-19 11:51:55] [INFO] ⏳ Nghỉ 15 giây trước lần quét tiếp theo...
[2026-09-19 11:51:55] [BLANK] 
[2026-09-19 11:52:10] [INFO] --- [CHU KỲ #17] ---
[2026-09-19 11:52:10] [BLANK] 
[2026-09-19 11:52:10] [EMAIL] [2026-09-19 11:52:10] 🔍 Đang quét hòm thư 'INBOX' tìm thư chưa đọc...
[2026-09-19 11:52:10] [BLANK] 
[2026-09-19 11:52:12] [INFO] INFO:     Shutting down
[2026-09-19 11:52:12] [BLANK] 
[2026-09-19 11:52:12] [INFO] INFO:     Waiting for application shutdown.
[2026-09-19 11:52:12] [BLANK] 
[2026-09-19 11:52:12] [INFO] INFO:     Application shutdown complete.
[2026-09-19 11:52:12] [BLANK] 
[2026-09-19 11:52:12] [INFO] INFO:     Finished server process [31828]
[2026-09-19 11:52:12] [BLANK] 
[2026-09-19 11:52:13] [EMAIL]     -> Hộp thư sạch sẽ! Không có thư mới chưa đọc.
[2026-09-19 11:52:13] [BLANK] 
[2026-09-19 11:52:13] [BLANK] 
[2026-09-19 11:52:13] [BLANK] 
[2026-09-19 11:52:27] [INFO] INFO:     Started server process [10396]
[2026-09-19 11:52:27] [BLANK] 
[2026-09-19 11:52:27] [INFO] INFO:     Waiting for application startup.
[2026-09-19 11:52:27] [BLANK] 
[2026-09-19 11:52:27] [DIVIDER] ===========================================================================
[2026-09-19 11:52:27] [BLANK] 
[2026-09-19 11:52:27] [INFO] 🌐 [FASTAPI LOG VIEWER] Khởi chạy thành công máy chủ Web xem Log!
[2026-09-19 11:52:27] [BLANK] 
[2026-09-19 11:52:27] [INFO] 👉 Mở trình duyệt truy cập: http://127.0.0.1:8000
[2026-09-19 11:52:27] [BLANK] 
[2026-09-19 11:52:27] [DIVIDER] ===========================================================================
[2026-09-19 11:52:27] [BLANK] 
[2026-09-19 11:52:27] [BLANK] 
[2026-09-19 11:52:27] [DIVIDER] ===========================================================================
[2026-09-19 11:52:27] [BLANK] 
[2026-09-19 11:52:27] [EMAIL]  🤖 HỆ THỐNG TỰ ĐỘNG THEO DÕI EMAIL & PHẢN HỒI BẰNG AI MULTI-AGENT
[2026-09-19 11:52:27] [BLANK] 
[2026-09-19 11:52:27] [DIVIDER] ===========================================================================
[2026-09-19 11:52:27] [BLANK] 
[2026-09-19 11:52:27] [SVD]  • Tài khoản hòm thư : msbservicedesk2026@gmail.com
[2026-09-19 11:52:27] [BLANK] 
[2026-09-19 11:52:27] [EMAIL]  • Máy chủ IMAP/SMTP : imap.gmail.com:993 / smtp.gmail.com:587
[2026-09-19 11:52:27] [BLANK] 
[2026-09-19 11:52:27] [EMAIL]  • Thư mục quét      : INBOX
[2026-09-19 11:52:27] [BLANK] 
[2026-09-19 11:52:27] [INFO]  • Chu kỳ kiểm tra   : 15 giây/lần
[2026-09-19 11:52:27] [BLANK] 
[2026-09-19 11:52:27] [INFO]  • Agent AI          : IT Support
[2026-09-19 11:52:27] [BLANK] 
[2026-09-19 11:52:27] [DIVIDER] ===========================================================================
[2026-09-19 11:52:27] [BLANK] 
[2026-09-19 11:52:27] [INFO]  Nhấn Ctrl + C bất cứ lúc nào để dừng chương trình an toàn.
[2026-09-19 11:52:27] [BLANK] 
[2026-09-19 11:52:27] [INFO] [CHẾ ĐỘ TỰ ĐỘNG ĐỊNH KỲ] Quét mỗi 15 giây một lần...
[2026-09-19 11:52:27] [BLANK] 
[2026-09-19 11:52:27] [INFO] --- [CHU KỲ #1] ---
[2026-09-19 11:52:27] [BLANK] 
[2026-09-19 11:52:27] [EMAIL] [2026-09-19 11:52:27] 🔍 Đang quét hòm thư 'INBOX' tìm thư chưa đọc...
[2026-09-19 11:52:27] [INFO] INFO:     Application startup complete.
[2026-09-19 11:52:27] [BLANK] 
[2026-09-19 11:52:27] [BLANK] 
[2026-09-19 11:52:27] [INFO] INFO:     Uvicorn running on http://0.0.0.0:8000 (Press CTRL+C to quit)
[2026-09-19 11:52:27] [BLANK] 
[2026-09-19 11:52:30] [EMAIL]     -> Hộp thư sạch sẽ! Không có thư mới chưa đọc.
[2026-09-19 11:52:30] [BLANK] 
[2026-09-19 11:52:30] [INFO] ⏳ Nghỉ 15 giây trước lần quét tiếp theo...
[2026-09-19 11:52:30] [BLANK] 
[2026-09-19 11:52:45] [INFO] --- [CHU KỲ #2] ---
[2026-09-19 11:52:45] [BLANK] 
[2026-09-19 11:52:45] [EMAIL] [2026-09-19 11:52:45] 🔍 Đang quét hòm thư 'INBOX' tìm thư chưa đọc...
[2026-09-19 11:52:45] [BLANK] 
[2026-09-19 11:52:45] [BLANK] 
[2026-09-19 11:52:45] [EMAIL] 🚀 [AI AGENT SERVICE DESK] Tiếp nhận email từ user@company.com | Tiêu đề: 'Tôi cần cài đặt Microsoft Office 365 có tính năng AI Copilot để phục v'...
[2026-09-19 11:52:45] [BLANK] 
[2026-09-19 11:52:45] [BLANK] 
[2026-09-19 11:52:45] [DIVIDER] ======================================================================
[2026-09-19 11:52:45] [BLANK] 
[2026-09-19 11:52:45] [STEP] 🔹 [BƯỚC 1: USER REQUEST] TIẾP NHẬN YÊU CẦU NGÔN NGỮ TỰ NHIÊN
[2026-09-19 11:52:45] [BLANK] 
[2026-09-19 11:52:45] [DIVIDER] ======================================================================
[2026-09-19 11:52:45] [BLANK] 
[2026-09-19 11:52:45] [INFO]  • Người gửi   : Anh/Chị <user@company.com>
[2026-09-19 11:52:45] [BLANK] 
[2026-09-19 11:52:45] [INFO]  • Tiêu đề     : Tôi cần cài đặt Microsoft Office 365 có tính năng AI Copilot để phục v
[2026-09-19 11:52:45] [BLANK] 
[2026-09-19 11:52:45] [INFO]  • Nội dung gốc: Tôi cần cài đặt Microsoft Office 365 có tính năng AI Copilot để phục vụ soạn thảo đề án.
[2026-09-19 11:52:45] [BLANK] 
[2026-09-19 11:52:46] [SUCCESS] ✅ [KB_ENGINE] Đã nạp thành công 6 bản ghi cài đặt phần mềm từ sheet 'ServiceRequest' (Optimized_IT_KnowledgeBase_v1.2.xlsx).
[2026-09-19 11:52:46] [BLANK] 
[2026-09-19 11:52:47] [EMAIL]     -> Hộp thư sạch sẽ! Không có thư mới chưa đọc.
[2026-09-19 11:52:47] [BLANK] 
[2026-09-19 11:52:47] [INFO] ⏳ Nghỉ 15 giây trước lần quét tiếp theo...
[2026-09-19 11:52:47] [BLANK] 
[2026-09-19 11:52:57] [BLANK] 
[2026-09-19 11:52:57] [DIVIDER] ======================================================================
[2026-09-19 11:52:57] [BLANK] 
[2026-09-19 11:52:57] [INFO] 🧭 [CENTER ROUTER] ĐIỀU PHỐI QUY TRÌNH HỆ THỐNG
[2026-09-19 11:52:57] [BLANK] 
[2026-09-19 11:52:57] [DIVIDER] ======================================================================
[2026-09-19 11:52:57] [BLANK] 
[2026-09-19 11:52:57] [INFO]  • Phân nhánh Subflow : 🚀 SUBFLOW B: CÀI ĐẶT PHẦN MỀM
[2026-09-19 11:52:57] [BLANK] 
[2026-09-19 11:52:57] [INFO]  • Lý do định tuyến   : Người dùng yêu cầu cài đặt phần mềm Microsoft Office 365 (phiên bản tích hợp Copilot), thuộc nhóm yêu cầu cài đặt/nâng cấp phần mềm theo quy định.
[2026-09-19 11:52:57] [BLANK] 
[2026-09-19 11:53:03] [INFO] --- [CHU KỲ #3] ---
[2026-09-19 11:53:03] [BLANK] 
[2026-09-19 11:53:03] [EMAIL] [2026-09-19 11:53:03] 🔍 Đang quét hòm thư 'INBOX' tìm thư chưa đọc...
[2026-09-19 11:53:03] [BLANK] 
[2026-09-19 11:53:05] [EMAIL]     -> Hộp thư sạch sẽ! Không có thư mới chưa đọc.
[2026-09-19 11:53:05] [BLANK] 
[2026-09-19 11:53:05] [INFO] ⏳ Nghỉ 15 giây trước lần quét tiếp theo...
[2026-09-19 11:53:05] [BLANK] 
[2026-09-19 11:53:08] [BLANK] 
[2026-09-19 11:53:08] [DIVIDER] ======================================================================
[2026-09-19 11:53:08] [BLANK] 
[2026-09-19 11:53:08] [STEP] 🔹 [BƯỚC 2B: SOFTWARE INTENT] XÁC ĐỊNH LOẠI PHẦN MỀM CẦN CÀI ĐẶT
[2026-09-19 11:53:08] [BLANK] 
[2026-09-19 11:53:08] [DIVIDER] ======================================================================
[2026-09-19 11:53:08] [BLANK] 
[2026-09-19 11:53:08] [INFO]  • Phần mềm xác định  : MS Office 365 (Mã KB: SOF_01.02)
[2026-09-19 11:53:08] [BLANK] 
[2026-09-19 11:53:08] [SUCCESS]  • Thuộc danh mục chuẩn: ✅ CÓ
[2026-09-19 11:53:08] [BLANK] 
[2026-09-19 11:53:08] [INFO]  • Nhóm danh mục      : Install / Office Software
[2026-09-19 11:53:08] [BLANK] 
[2026-09-19 11:53:08] [INFO]  • Đội ngũ phân công  : IT Support Team
[2026-09-19 11:53:08] [BLANK] 
[2026-09-19 11:53:08] [INFO]  • Mục đích công việc : Soạn thảo đề án
[2026-09-19 11:53:08] [BLANK] 
[2026-09-19 11:53:08] [INFO]  • Mức ưu tiên        : LOW
[2026-09-19 11:53:08] [BLANK] 
[2026-09-19 11:53:08] [INFO]  • Tóm tắt yêu cầu    : Người dùng yêu cầu cài đặt Microsoft Office 365 tích hợp AI Copilot để phục vụ soạn thảo đề án.
[2026-09-19 11:53:08] [BLANK] 
[2026-09-19 11:53:20] [INFO] --- [CHU KỲ #4] ---
[2026-09-19 11:53:20] [BLANK] 
[2026-09-19 11:53:20] [EMAIL] [2026-09-19 11:53:20] 🔍 Đang quét hòm thư 'INBOX' tìm thư chưa đọc...
[2026-09-19 11:53:20] [BLANK] 
[2026-09-19 11:53:21] [BLANK] 
[2026-09-19 11:53:21] [DIVIDER] ======================================================================
[2026-09-19 11:53:21] [BLANK] 
[2026-09-19 11:53:21] [STEP] 🔹 [BƯỚC 3B: SOFTWARE CONTEXT] THU THẬP THÔNG TIN CẦN THIẾT
[2026-09-19 11:53:21] [BLANK] 
[2026-09-19 11:53:21] [DIVIDER] ======================================================================
[2026-09-19 11:53:21] [BLANK] 
[2026-09-19 11:53:21] [INFO]  • Tiêu chuẩn yêu cầu (Required): No
[2026-09-19 11:53:21] [BLANK] 
[2026-09-19 11:53:21] [EMAIL]  • Mã người dùng / Email        : user@company.com
[2026-09-19 11:53:21] [BLANK] 
[2026-09-19 11:53:21] [INFO]  • Phòng ban                     : Chưa rõ
[2026-09-19 11:53:21] [BLANK] 
[2026-09-19 11:53:21] [INFO]  • IP Máy in (nếu có)            : Chưa rõ
[2026-09-19 11:53:21] [BLANK] 
[2026-09-19 11:53:21] [INFO]  • Môi trường máy tính           : Windows
[2026-09-19 11:53:21] [BLANK] 
[2026-09-19 11:53:21] [INFO]  • Thông tin còn thiếu           : Đầy đủ
[2026-09-19 11:53:21] [BLANK] 
[2026-09-19 11:53:21] [INFO]  • Tóm lược ngữ cảnh             : Người dùng yêu cầu cài đặt Microsoft Office 365 tích hợp AI Copilot nhằm hỗ trợ công việc soạn thảo đề án.
[2026-09-19 11:53:21] [BLANK] 
[2026-09-19 11:53:21] [INFO] 🔍 [PREREQUISITE CHECK] Kiểm tra license Microsoft 365 E3 cho tài khoản: 'user@company.com' -> ĐẠT (True)
[2026-09-19 11:53:21] [BLANK] 
[2026-09-19 11:53:21] [BLANK] 
[2026-09-19 11:53:21] [DIVIDER] ======================================================================
[2026-09-19 11:53:21] [BLANK] 
[2026-09-19 11:53:21] [STEP] 🔹 [BƯỚC 4B: CHECK PREREQUISITES] KIỂM TRA ĐIỀU KIỆN CÀI ĐẶT PHẦN MỀM
[2026-09-19 11:53:21] [BLANK] 
[2026-09-19 11:53:21] [DIVIDER] ======================================================================
[2026-09-19 11:53:21] [BLANK] 
[2026-09-19 11:53:21] [INFO]  • Phần mềm kiểm tra   : MS Office 365
[2026-09-19 11:53:21] [BLANK] 
[2026-09-19 11:53:21] [INFO]  • Quy tắc (Prereq Rule): Kiểm tra tài khoản được cấp Office 365 E3 (check_office_365_E3_license(username))
[2026-09-19 11:53:21] [BLANK] 
[2026-09-19 11:53:21] [SUCCESS]  • Trạng thái thẩm định : ✅ ĐỦ ĐIỀU KIỆN (ELIGIBLE)
[2026-09-19 11:53:21] [BLANK] 
[2026-09-19 11:53:21] [INFO]  • Chi tiết kiểm tra    : Tài khoản 'user@company.com' được xác nhận đã được cấp phép Office 365 E3.
[2026-09-19 11:53:21] [BLANK] 
[2026-09-19 11:53:21] [INFO]    -> Đã gọi hàm 'check_office_365_E3_license' cho user 'user@company.com': Kết quả = True
[2026-09-19 11:53:21] [BLANK] 
[2026-09-19 11:53:21] [SVD] 🆕 [TICKET_SYSTEM - SR] Tạo Ticket Service Request mới trên ServiceDesk Plus...
[2026-09-19 11:53:21] [BLANK] 
[2026-09-19 11:53:21] [SVD] 🌐 [SVD_UTILS] Đang gửi yêu cầu tạo Service Request lên ServiceDesk (https://49.213.71.61:8089)...
[2026-09-19 11:53:21] [BLANK] 
[2026-09-19 11:53:21] [SUCCESS] ✅ [SVD_UTILS THÀNH CÔNG] Đã tạo Service Request mới ID: #144
[2026-09-19 11:53:21] [BLANK] 
[2026-09-19 11:53:21] [SVD] 🔗 [SVD LINK]: https://49.213.71.61:8089/WorkOrder.do?woMode=viewWO&woID=144
[2026-09-19 11:53:21] [BLANK] 
[2026-09-19 11:53:21] [SVD] 💾 [TICKET_SYSTEM] Đã lưu Ticket Service Request mới và nội dung email vào database nội bộ.
[2026-09-19 11:53:21] [BLANK] 
[2026-09-19 11:53:21] [BLANK] 
[2026-09-19 11:53:21] [DIVIDER] ======================================================================
[2026-09-19 11:53:21] [BLANK] 
[2026-09-19 11:53:21] [STEP] 🔹 [BƯỚC 5B: TICKET] TẠO / CẬP NHẬT SERVICE REQUEST TICKET
[2026-09-19 11:53:21] [BLANK] 
[2026-09-19 11:53:21] [DIVIDER] ======================================================================
[2026-09-19 11:53:21] [BLANK] 
[2026-09-19 11:53:21] [SVD]  • Hành động thực hiện   : CREATED_NEW_TICKET
[2026-09-19 11:53:21] [BLANK] 
[2026-09-19 11:53:21] [SVD]  • Mã Ticket (TicketID)  : SVD-144
[2026-09-19 11:53:21] [BLANK] 
[2026-09-19 11:53:21] [SVD]  • ServiceDesk ID        : #144
[2026-09-19 11:53:21] [BLANK] 
[2026-09-19 11:53:21] [INFO]  • Đội ngũ phụ trách     : IT Support Team
[2026-09-19 11:53:21] [BLANK] 
[2026-09-19 11:53:21] [INFO]  • Mức ưu tiên           : LOW
[2026-09-19 11:53:21] [BLANK] 
[2026-09-19 11:53:21] [SVD]  • Trạng thái Ticket     : APPROVED_FOR_INSTALLATION
[2026-09-19 11:53:21] [BLANK] 
[2026-09-19 11:53:21] [SVD]  • Link ServiceDesk      : https://49.213.71.61:8089/WorkOrder.do?woMode=viewWO&woID=144
[2026-09-19 11:53:21] [BLANK] 
[2026-09-19 11:53:21] [SVD]  • Cơ sở dữ liệu Ticket  : data/tickets_db.json
[2026-09-19 11:53:21] [BLANK] 
[2026-09-19 11:53:21] [INFO] 💾 [KNOWLEDGE FEEDBACK] Đã cập nhật kết quả yêu cầu cài đặt phần mềm vào kho tri thức 'data/resolutions_history.json'.
[2026-09-19 11:53:21] [BLANK] 
[2026-09-19 11:53:21] [BLANK] 
[2026-09-19 11:53:21] [DIVIDER] ======================================================================
[2026-09-19 11:53:21] [BLANK] 
[2026-09-19 11:53:21] [STEP] 🔹 [BƯỚC 6B: SOFTWARE RESOLUTION] ĐÓNG GÓI EMAIL PHẢN HỒI & LƯU TRI THỨC
[2026-09-19 11:53:21] [BLANK] 
[2026-09-19 11:53:21] [DIVIDER] ======================================================================
[2026-09-19 11:53:21] [BLANK] 
[2026-09-19 11:53:21] [SVD]  • Tiêu đề email phản hồi: Re: [SVD-144] Tôi cần cài đặt Microsoft Office 365 có tính năng AI Copilot để phục v
[2026-09-19 11:53:21] [BLANK] 
[2026-09-19 11:53:21] [INFO]  • Đội ngũ phụ trách     : IT Support Team
[2026-09-19 11:53:21] [BLANK] 
[2026-09-19 11:53:21] [INFO]  • Cập nhật lịch sử       : data/resolutions_history.json
[2026-09-19 11:53:21] [BLANK] 
[2026-09-19 11:53:21] [EMAIL]  • Email phản hồi (HTML & Plain Text) đã sẵn sàng để gửi.
[2026-09-19 11:53:21] [BLANK] 
[2026-09-19 11:53:21] [BLANK] 
[2026-09-19 11:53:21] [SUCCESS] 🎯 [HOÀN TẤT - SUBFLOW B: CÀI ĐẶT PHẦN MỀM] Ticket: SVD-144 | Đội ngũ: IT Support Team | Trạng thái: APPROVED_FOR_INSTALLATION
[2026-09-19 11:53:21] [BLANK] 
[2026-09-19 11:53:23] [EMAIL]     -> Hộp thư sạch sẽ! Không có thư mới chưa đọc.
[2026-09-19 11:53:23] [BLANK] 
[2026-09-19 11:53:23] [INFO] ⏳ Nghỉ 15 giây trước lần quét tiếp theo...
[2026-09-19 11:53:23] [BLANK] 
[2026-09-19 11:53:35] [BLANK] 
[2026-09-19 11:53:35] [BLANK] 
[2026-09-19 11:53:38] [INFO] --- [CHU KỲ #5] ---
[2026-09-19 11:53:38] [BLANK] 
[2026-09-19 11:53:38] [EMAIL] [2026-09-19 11:53:38] 🔍 Đang quét hòm thư 'INBOX' tìm thư chưa đọc...
[2026-09-19 11:53:38] [BLANK] 
[2026-09-19 11:53:40] [EMAIL]     -> Hộp thư sạch sẽ! Không có thư mới chưa đọc.
[2026-09-19 11:53:40] [BLANK] 
[2026-09-19 11:53:40] [INFO] ⏳ Nghỉ 15 giây trước lần quét tiếp theo...
[2026-09-19 11:53:40] [BLANK] 
[2026-09-19 11:53:55] [INFO] --- [CHU KỲ #6] ---
[2026-09-19 11:53:55] [BLANK] 
[2026-09-19 11:53:55] [EMAIL] [2026-09-19 11:53:55] 🔍 Đang quét hòm thư 'INBOX' tìm thư chưa đọc...
[2026-09-19 11:53:55] [BLANK] 
[2026-09-19 11:53:58] [EMAIL]     -> Hộp thư sạch sẽ! Không có thư mới chưa đọc.
[2026-09-19 11:53:58] [BLANK] 
[2026-09-19 11:53:58] [INFO] ⏳ Nghỉ 15 giây trước lần quét tiếp theo...
[2026-09-19 11:53:58] [BLANK] 
[2026-09-19 11:54:13] [INFO] --- [CHU KỲ #7] ---
[2026-09-19 11:54:13] [BLANK] 
[2026-09-19 11:54:13] [EMAIL] [2026-09-19 11:54:13] 🔍 Đang quét hòm thư 'INBOX' tìm thư chưa đọc...
[2026-09-19 11:54:13] [BLANK] 
[2026-09-19 11:54:15] [EMAIL]     -> Hộp thư sạch sẽ! Không có thư mới chưa đọc.
[2026-09-19 11:54:15] [BLANK] 
[2026-09-19 11:54:15] [INFO] ⏳ Nghỉ 15 giây trước lần quét tiếp theo...
[2026-09-19 11:54:15] [BLANK] 
[2026-09-19 11:54:30] [INFO] --- [CHU KỲ #8] ---
[2026-09-19 11:54:30] [BLANK] 
[2026-09-19 11:54:30] [EMAIL] [2026-09-19 11:54:30] 🔍 Đang quét hòm thư 'INBOX' tìm thư chưa đọc...
[2026-09-19 11:54:30] [BLANK] 
[2026-09-19 11:54:33] [EMAIL]     -> Hộp thư sạch sẽ! Không có thư mới chưa đọc.
[2026-09-19 11:54:33] [BLANK] 
[2026-09-19 11:54:33] [INFO] ⏳ Nghỉ 15 giây trước lần quét tiếp theo...
[2026-09-19 11:54:33] [BLANK] 
[2026-09-19 11:54:48] [INFO] --- [CHU KỲ #9] ---
[2026-09-19 11:54:48] [BLANK] 
[2026-09-19 11:54:48] [EMAIL] [2026-09-19 11:54:48] 🔍 Đang quét hòm thư 'INBOX' tìm thư chưa đọc...
[2026-09-19 11:54:48] [BLANK] 
[2026-09-19 11:54:50] [EMAIL]     -> Hộp thư sạch sẽ! Không có thư mới chưa đọc.
[2026-09-19 11:54:50] [BLANK] 
[2026-09-19 11:54:50] [INFO] ⏳ Nghỉ 15 giây trước lần quét tiếp theo...
[2026-09-19 11:54:50] [BLANK] 
[2026-09-19 11:55:05] [INFO] --- [CHU KỲ #10] ---
[2026-09-19 11:55:05] [BLANK] 
[2026-09-19 11:55:05] [EMAIL] [2026-09-19 11:55:05] 🔍 Đang quét hòm thư 'INBOX' tìm thư chưa đọc...
[2026-09-19 11:55:05] [BLANK] 
[2026-09-19 11:55:08] [EMAIL]     -> Hộp thư sạch sẽ! Không có thư mới chưa đọc.
[2026-09-19 11:55:08] [BLANK] 
[2026-09-19 11:55:08] [INFO] ⏳ Nghỉ 15 giây trước lần quét tiếp theo...
[2026-09-19 11:55:08] [BLANK] 
[2026-09-19 11:55:23] [INFO] --- [CHU KỲ #11] ---
[2026-09-19 11:55:23] [BLANK] 
[2026-09-19 11:55:23] [EMAIL] [2026-09-19 11:55:23] 🔍 Đang quét hòm thư 'INBOX' tìm thư chưa đọc...
[2026-09-19 11:55:23] [BLANK] 
[2026-09-19 11:55:25] [EMAIL]     -> Hộp thư sạch sẽ! Không có thư mới chưa đọc.
[2026-09-19 11:55:25] [BLANK] 
[2026-09-19 11:55:25] [INFO] ⏳ Nghỉ 15 giây trước lần quét tiếp theo...
[2026-09-19 11:55:25] [BLANK] 
[2026-09-19 11:55:41] [INFO] --- [CHU KỲ #12] ---
[2026-09-19 11:55:41] [BLANK] 
[2026-09-19 11:55:41] [EMAIL] [2026-09-19 11:55:41] 🔍 Đang quét hòm thư 'INBOX' tìm thư chưa đọc...
[2026-09-19 11:55:41] [BLANK] 
[2026-09-19 11:55:43] [EMAIL]     -> Hộp thư sạch sẽ! Không có thư mới chưa đọc.
[2026-09-19 11:55:43] [BLANK] 
[2026-09-19 11:55:43] [INFO] ⏳ Nghỉ 15 giây trước lần quét tiếp theo...
[2026-09-19 11:55:43] [BLANK] 
[2026-09-19 11:55:58] [INFO] --- [CHU KỲ #13] ---
[2026-09-19 11:55:58] [BLANK] 
[2026-09-19 11:55:58] [EMAIL] [2026-09-19 11:55:58] 🔍 Đang quét hòm thư 'INBOX' tìm thư chưa đọc...
[2026-09-19 11:55:58] [BLANK] 
[2026-09-19 11:56:11] [EMAIL]     -> Hộp thư sạch sẽ! Không có thư mới chưa đọc.
[2026-09-19 11:56:11] [BLANK] 
[2026-09-19 11:56:11] [INFO] ⏳ Nghỉ 15 giây trước lần quét tiếp theo...
[2026-09-19 11:56:11] [BLANK] 
[2026-09-19 11:56:27] [INFO] --- [CHU KỲ #14] ---
[2026-09-19 11:56:27] [BLANK] 
[2026-09-19 11:56:27] [EMAIL] [2026-09-19 11:56:27] 🔍 Đang quét hòm thư 'INBOX' tìm thư chưa đọc...
[2026-09-19 11:56:27] [BLANK] 
[2026-09-19 11:56:32] [EMAIL]     -> Hộp thư sạch sẽ! Không có thư mới chưa đọc.
[2026-09-19 11:56:32] [BLANK] 
[2026-09-19 11:56:32] [INFO] ⏳ Nghỉ 15 giây trước lần quét tiếp theo...
[2026-09-19 11:56:32] [BLANK] 
[2026-09-19 11:56:48] [INFO] --- [CHU KỲ #15] ---
[2026-09-19 11:56:48] [BLANK] 
[2026-09-19 11:56:48] [EMAIL] [2026-09-19 11:56:48] 🔍 Đang quét hòm thư 'INBOX' tìm thư chưa đọc...
[2026-09-19 11:56:48] [BLANK] 
[2026-09-19 11:56:50] [EMAIL]     -> Hộp thư sạch sẽ! Không có thư mới chưa đọc.
[2026-09-19 11:56:50] [BLANK] 
[2026-09-19 11:56:50] [INFO] ⏳ Nghỉ 15 giây trước lần quét tiếp theo...
[2026-09-19 11:56:50] [BLANK] 
[2026-09-19 11:57:05] [INFO] --- [CHU KỲ #16] ---
[2026-09-19 11:57:05] [BLANK] 
[2026-09-19 11:57:05] [EMAIL] [2026-09-19 11:57:05] 🔍 Đang quét hòm thư 'INBOX' tìm thư chưa đọc...
[2026-09-19 11:57:05] [BLANK] 
[2026-09-19 11:57:09] [EMAIL]     -> Hộp thư sạch sẽ! Không có thư mới chưa đọc.
[2026-09-19 11:57:09] [BLANK] 
[2026-09-19 11:57:09] [INFO] ⏳ Nghỉ 15 giây trước lần quét tiếp theo...
[2026-09-19 11:57:09] [BLANK] 
[2026-09-19 11:57:24] [INFO] --- [CHU KỲ #17] ---
[2026-09-19 11:57:24] [BLANK] 
[2026-09-19 11:57:24] [EMAIL] [2026-09-19 11:57:24] 🔍 Đang quét hòm thư 'INBOX' tìm thư chưa đọc...
[2026-09-19 11:57:25] [BLANK] 
[2026-09-19 11:57:29] [EMAIL]     -> Hộp thư sạch sẽ! Không có thư mới chưa đọc.
[2026-09-19 11:57:29] [BLANK] 
[2026-09-19 11:57:29] [INFO] ⏳ Nghỉ 15 giây trước lần quét tiếp theo...
[2026-09-19 11:57:29] [BLANK] 
[2026-09-19 11:57:44] [INFO] --- [CHU KỲ #18] ---
[2026-09-19 11:57:44] [BLANK] 
[2026-09-19 11:57:44] [EMAIL] [2026-09-19 11:57:44] 🔍 Đang quét hòm thư 'INBOX' tìm thư chưa đọc...
[2026-09-19 11:57:44] [BLANK] 
[2026-09-19 11:57:47] [EMAIL]     -> Hộp thư sạch sẽ! Không có thư mới chưa đọc.
[2026-09-19 11:57:47] [BLANK] 
[2026-09-19 11:57:47] [INFO] ⏳ Nghỉ 15 giây trước lần quét tiếp theo...
[2026-09-19 11:57:47] [BLANK] 
[2026-09-19 11:58:02] [INFO] --- [CHU KỲ #19] ---
[2026-09-19 11:58:02] [BLANK] 
[2026-09-19 11:58:02] [EMAIL] [2026-09-19 11:58:02] 🔍 Đang quét hòm thư 'INBOX' tìm thư chưa đọc...
[2026-09-19 11:58:02] [BLANK] 
[2026-09-19 11:58:04] [EMAIL]     -> Hộp thư sạch sẽ! Không có thư mới chưa đọc.
[2026-09-19 11:58:04] [BLANK] 
[2026-09-19 11:58:04] [INFO] ⏳ Nghỉ 15 giây trước lần quét tiếp theo...
[2026-09-19 11:58:04] [BLANK] 
[2026-09-19 11:58:19] [INFO] --- [CHU KỲ #20] ---
[2026-09-19 11:58:19] [BLANK] 
[2026-09-19 11:58:19] [EMAIL] [2026-09-19 11:58:19] 🔍 Đang quét hòm thư 'INBOX' tìm thư chưa đọc...
[2026-09-19 11:58:19] [BLANK] 
[2026-09-19 11:58:32] [EMAIL]     -> Hộp thư sạch sẽ! Không có thư mới chưa đọc.
[2026-09-19 11:58:32] [BLANK] 
[2026-09-19 11:58:32] [INFO] ⏳ Nghỉ 15 giây trước lần quét tiếp theo...
[2026-09-19 11:58:32] [BLANK] 
[2026-09-19 11:58:47] [INFO] --- [CHU KỲ #21] ---
[2026-09-19 11:58:47] [BLANK] 
[2026-09-19 11:58:47] [EMAIL] [2026-09-19 11:58:47] 🔍 Đang quét hòm thư 'INBOX' tìm thư chưa đọc...
[2026-09-19 11:58:47] [BLANK] 
[2026-09-19 11:58:50] [EMAIL]     -> Hộp thư sạch sẽ! Không có thư mới chưa đọc.
[2026-09-19 11:58:50] [BLANK] 
[2026-09-19 11:58:50] [INFO] ⏳ Nghỉ 15 giây trước lần quét tiếp theo...
[2026-09-19 11:58:50] [BLANK] 
[2026-09-19 11:59:05] [INFO] --- [CHU KỲ #22] ---
[2026-09-19 11:59:05] [BLANK] 
[2026-09-19 11:59:05] [EMAIL] [2026-09-19 11:59:05] 🔍 Đang quét hòm thư 'INBOX' tìm thư chưa đọc...
[2026-09-19 11:59:05] [BLANK] 
[2026-09-19 11:59:07] [EMAIL]     -> Hộp thư sạch sẽ! Không có thư mới chưa đọc.
[2026-09-19 11:59:07] [BLANK] 
[2026-09-19 11:59:07] [INFO] ⏳ Nghỉ 15 giây trước lần quét tiếp theo...
[2026-09-19 11:59:07] [BLANK] 
[2026-09-19 11:59:22] [INFO] --- [CHU KỲ #23] ---
[2026-09-19 11:59:22] [BLANK] 
[2026-09-19 11:59:22] [EMAIL] [2026-09-19 11:59:22] 🔍 Đang quét hòm thư 'INBOX' tìm thư chưa đọc...
[2026-09-19 11:59:22] [BLANK] 
[2026-09-19 11:59:24] [EMAIL]     -> Hộp thư sạch sẽ! Không có thư mới chưa đọc.
[2026-09-19 11:59:24] [BLANK] 
[2026-09-19 11:59:24] [INFO] ⏳ Nghỉ 15 giây trước lần quét tiếp theo...
[2026-09-19 11:59:24] [BLANK] 
[2026-09-19 11:59:39] [INFO] --- [CHU KỲ #24] ---
[2026-09-19 11:59:39] [BLANK] 
[2026-09-19 11:59:39] [EMAIL] [2026-09-19 11:59:39] 🔍 Đang quét hòm thư 'INBOX' tìm thư chưa đọc...
[2026-09-19 11:59:39] [BLANK] 
[2026-09-19 11:59:41] [EMAIL]     -> Hộp thư sạch sẽ! Không có thư mới chưa đọc.
[2026-09-19 11:59:41] [BLANK] 
[2026-09-19 11:59:41] [INFO] ⏳ Nghỉ 15 giây trước lần quét tiếp theo...
[2026-09-19 11:59:41] [BLANK] 
[2026-09-19 11:59:57] [INFO] --- [CHU KỲ #25] ---
[2026-09-19 11:59:57] [BLANK] 
[2026-09-19 11:59:57] [EMAIL] [2026-09-19 11:59:57] 🔍 Đang quét hòm thư 'INBOX' tìm thư chưa đọc...
[2026-09-19 11:59:57] [BLANK] 
[2026-09-19 11:59:59] [EMAIL]     -> Hộp thư sạch sẽ! Không có thư mới chưa đọc.
[2026-09-19 11:59:59] [BLANK] 
[2026-09-19 11:59:59] [INFO] ⏳ Nghỉ 15 giây trước lần quét tiếp theo...
[2026-09-19 11:59:59] [BLANK] 
[2026-09-19 12:00:14] [INFO] --- [CHU KỲ #26] ---
[2026-09-19 12:00:14] [BLANK] 
[2026-09-19 12:00:14] [EMAIL] [2026-09-19 12:00:14] 🔍 Đang quét hòm thư 'INBOX' tìm thư chưa đọc...
[2026-09-19 12:00:14] [BLANK] 
[2026-09-19 12:00:16] [EMAIL]     -> Hộp thư sạch sẽ! Không có thư mới chưa đọc.
[2026-09-19 12:00:16] [BLANK] 
[2026-09-19 12:00:16] [INFO] ⏳ Nghỉ 15 giây trước lần quét tiếp theo...
[2026-09-19 12:00:16] [BLANK] 
[2026-09-19 12:00:31] [INFO] --- [CHU KỲ #27] ---
[2026-09-19 12:00:31] [BLANK] 
[2026-09-19 12:00:31] [EMAIL] [2026-09-19 12:00:31] 🔍 Đang quét hòm thư 'INBOX' tìm thư chưa đọc...
[2026-09-19 12:00:31] [BLANK] 
[2026-09-19 12:00:33] [EMAIL]     -> Hộp thư sạch sẽ! Không có thư mới chưa đọc.
[2026-09-19 12:00:33] [BLANK] 
[2026-09-19 12:00:33] [INFO] ⏳ Nghỉ 15 giây trước lần quét tiếp theo...
[2026-09-19 12:00:33] [BLANK] 
[2026-09-19 12:00:48] [INFO] --- [CHU KỲ #28] ---
[2026-09-19 12:00:48] [BLANK] 
[2026-09-19 12:00:48] [EMAIL] [2026-09-19 12:00:48] 🔍 Đang quét hòm thư 'INBOX' tìm thư chưa đọc...
[2026-09-19 12:00:48] [BLANK] 
[2026-09-19 12:00:51] [EMAIL]     -> Hộp thư sạch sẽ! Không có thư mới chưa đọc.
[2026-09-19 12:00:51] [BLANK] 
[2026-09-19 12:00:51] [INFO] ⏳ Nghỉ 15 giây trước lần quét tiếp theo...
[2026-09-19 12:00:51] [BLANK] 
[2026-09-19 12:01:06] [INFO] --- [CHU KỲ #29] ---
[2026-09-19 12:01:06] [BLANK] 
[2026-09-19 12:01:06] [EMAIL] [2026-09-19 12:01:06] 🔍 Đang quét hòm thư 'INBOX' tìm thư chưa đọc...
[2026-09-19 12:01:06] [BLANK] 
[2026-09-19 12:01:08] [EMAIL]     -> Hộp thư sạch sẽ! Không có thư mới chưa đọc.
[2026-09-19 12:01:08] [BLANK] 
[2026-09-19 12:01:08] [INFO] ⏳ Nghỉ 15 giây trước lần quét tiếp theo...
[2026-09-19 12:01:08] [BLANK] 
[2026-09-19 12:01:23] [INFO] --- [CHU KỲ #30] ---
[2026-09-19 12:01:23] [BLANK] 
[2026-09-19 12:01:23] [EMAIL] [2026-09-19 12:01:23] 🔍 Đang quét hòm thư 'INBOX' tìm thư chưa đọc...
[2026-09-19 12:01:23] [BLANK] 
[2026-09-19 12:01:26] [EMAIL]     -> Hộp thư sạch sẽ! Không có thư mới chưa đọc.
[2026-09-19 12:01:26] [BLANK] 
[2026-09-19 12:01:26] [INFO] ⏳ Nghỉ 15 giây trước lần quét tiếp theo...
[2026-09-19 12:01:26] [BLANK] 
[2026-09-19 12:01:41] [INFO] --- [CHU KỲ #31] ---
[2026-09-19 12:01:41] [BLANK] 
[2026-09-19 12:01:41] [EMAIL] [2026-09-19 12:01:41] 🔍 Đang quét hòm thư 'INBOX' tìm thư chưa đọc...
[2026-09-19 12:01:41] [BLANK] 
[2026-09-19 12:01:43] [EMAIL]     -> Hộp thư sạch sẽ! Không có thư mới chưa đọc.
[2026-09-19 12:01:43] [BLANK] 
[2026-09-19 12:01:43] [INFO] ⏳ Nghỉ 15 giây trước lần quét tiếp theo...
[2026-09-19 12:01:43] [BLANK] 
[2026-09-19 12:01:58] [INFO] --- [CHU KỲ #32] ---
[2026-09-19 12:01:58] [BLANK] 
[2026-09-19 12:01:58] [EMAIL] [2026-09-19 12:01:58] 🔍 Đang quét hòm thư 'INBOX' tìm thư chưa đọc...
[2026-09-19 12:01:58] [BLANK] 
[2026-09-19 12:02:01] [EMAIL]     -> Hộp thư sạch sẽ! Không có thư mới chưa đọc.
[2026-09-19 12:02:01] [BLANK] 
[2026-09-19 12:02:01] [INFO] ⏳ Nghỉ 15 giây trước lần quét tiếp theo...
[2026-09-19 12:02:01] [BLANK] 
[2026-09-19 12:02:16] [INFO] --- [CHU KỲ #33] ---
[2026-09-19 12:02:16] [BLANK] 
[2026-09-19 12:02:16] [EMAIL] [2026-09-19 12:02:16] 🔍 Đang quét hòm thư 'INBOX' tìm thư chưa đọc...
[2026-09-19 12:02:16] [BLANK] 
[2026-09-19 12:02:18] [EMAIL]     -> Hộp thư sạch sẽ! Không có thư mới chưa đọc.
[2026-09-19 12:02:18] [BLANK] 
[2026-09-19 12:02:18] [INFO] ⏳ Nghỉ 15 giây trước lần quét tiếp theo...
[2026-09-19 12:02:18] [BLANK] 
[2026-09-19 12:02:33] [INFO] --- [CHU KỲ #34] ---
[2026-09-19 12:02:33] [BLANK] 
[2026-09-19 12:02:33] [EMAIL] [2026-09-19 12:02:33] 🔍 Đang quét hòm thư 'INBOX' tìm thư chưa đọc...
[2026-09-19 12:02:33] [BLANK] 
[2026-09-19 12:02:37] [EMAIL]     -> Hộp thư sạch sẽ! Không có thư mới chưa đọc.
[2026-09-19 12:02:37] [BLANK] 
[2026-09-19 12:02:37] [INFO] ⏳ Nghỉ 15 giây trước lần quét tiếp theo...
[2026-09-19 12:02:37] [BLANK] 
[2026-09-19 12:02:52] [INFO] --- [CHU KỲ #35] ---
[2026-09-19 12:02:52] [BLANK] 
[2026-09-19 12:02:52] [EMAIL] [2026-09-19 12:02:52] 🔍 Đang quét hòm thư 'INBOX' tìm thư chưa đọc...
[2026-09-19 12:02:52] [BLANK] 
[2026-09-19 12:02:56] [EMAIL]     -> Hộp thư sạch sẽ! Không có thư mới chưa đọc.
[2026-09-19 12:02:56] [BLANK] 
[2026-09-19 12:02:56] [INFO] ⏳ Nghỉ 15 giây trước lần quét tiếp theo...
[2026-09-19 12:02:56] [BLANK] 
[2026-09-19 12:03:11] [INFO] --- [CHU KỲ #36] ---
[2026-09-19 12:03:11] [BLANK] 
[2026-09-19 12:03:11] [EMAIL] [2026-09-19 12:03:11] 🔍 Đang quét hòm thư 'INBOX' tìm thư chưa đọc...
[2026-09-19 12:03:11] [BLANK] 
[2026-09-19 12:03:13] [EMAIL]     -> Hộp thư sạch sẽ! Không có thư mới chưa đọc.
[2026-09-19 12:03:13] [BLANK] 
[2026-09-19 12:03:13] [INFO] ⏳ Nghỉ 15 giây trước lần quét tiếp theo...
[2026-09-19 12:03:13] [BLANK] 
[2026-09-19 12:03:28] [INFO] --- [CHU KỲ #37] ---
[2026-09-19 12:03:28] [BLANK] 
[2026-09-19 12:03:28] [EMAIL] [2026-09-19 12:03:28] 🔍 Đang quét hòm thư 'INBOX' tìm thư chưa đọc...
[2026-09-19 12:03:28] [BLANK] 
[2026-09-19 12:03:30] [EMAIL]     -> Hộp thư sạch sẽ! Không có thư mới chưa đọc.
[2026-09-19 12:03:30] [BLANK] 
[2026-09-19 12:03:30] [INFO] ⏳ Nghỉ 15 giây trước lần quét tiếp theo...
[2026-09-19 12:03:30] [BLANK] 
[2026-09-19 12:03:45] [INFO] --- [CHU KỲ #38] ---
[2026-09-19 12:03:45] [BLANK] 
[2026-09-19 12:03:45] [EMAIL] [2026-09-19 12:03:45] 🔍 Đang quét hòm thư 'INBOX' tìm thư chưa đọc...
[2026-09-19 12:03:45] [BLANK] 
[2026-09-19 12:03:48] [EMAIL]     -> Hộp thư sạch sẽ! Không có thư mới chưa đọc.
[2026-09-19 12:03:48] [BLANK] 
[2026-09-19 12:03:48] [INFO] ⏳ Nghỉ 15 giây trước lần quét tiếp theo...
[2026-09-19 12:03:48] [BLANK] 
[2026-09-19 12:04:03] [INFO] --- [CHU KỲ #39] ---
[2026-09-19 12:04:03] [BLANK] 
[2026-09-19 12:04:03] [EMAIL] [2026-09-19 12:04:03] 🔍 Đang quét hòm thư 'INBOX' tìm thư chưa đọc...
[2026-09-19 12:04:03] [BLANK] 
[2026-09-19 12:04:05] [EMAIL]     -> Hộp thư sạch sẽ! Không có thư mới chưa đọc.
[2026-09-19 12:04:05] [BLANK] 
[2026-09-19 12:04:05] [INFO] ⏳ Nghỉ 15 giây trước lần quét tiếp theo...
[2026-09-19 12:04:05] [BLANK] 
[2026-09-19 12:04:20] [INFO] --- [CHU KỲ #40] ---
[2026-09-19 12:04:20] [BLANK] 
[2026-09-19 12:04:20] [EMAIL] [2026-09-19 12:04:20] 🔍 Đang quét hòm thư 'INBOX' tìm thư chưa đọc...
[2026-09-19 12:04:20] [BLANK] 
[2026-09-19 12:04:22] [EMAIL]     -> Hộp thư sạch sẽ! Không có thư mới chưa đọc.
[2026-09-19 12:04:22] [BLANK] 
[2026-09-19 12:04:22] [INFO] ⏳ Nghỉ 15 giây trước lần quét tiếp theo...
[2026-09-19 12:04:22] [BLANK] 
[2026-09-19 12:04:37] [INFO] --- [CHU KỲ #41] ---
[2026-09-19 12:04:37] [BLANK] 
[2026-09-19 12:04:37] [EMAIL] [2026-09-19 12:04:37] 🔍 Đang quét hòm thư 'INBOX' tìm thư chưa đọc...
[2026-09-19 12:04:37] [BLANK] 
[2026-09-19 12:04:41] [EMAIL]     -> Hộp thư sạch sẽ! Không có thư mới chưa đọc.
[2026-09-19 12:04:41] [BLANK] 
[2026-09-19 12:04:41] [INFO] ⏳ Nghỉ 15 giây trước lần quét tiếp theo...
[2026-09-19 12:04:41] [BLANK] 
[2026-09-19 12:04:56] [INFO] --- [CHU KỲ #42] ---
[2026-09-19 12:04:56] [BLANK] 
[2026-09-19 12:04:56] [EMAIL] [2026-09-19 12:04:56] 🔍 Đang quét hòm thư 'INBOX' tìm thư chưa đọc...
[2026-09-19 12:04:56] [BLANK] 
[2026-09-19 12:04:59] [EMAIL]     -> Hộp thư sạch sẽ! Không có thư mới chưa đọc.
[2026-09-19 12:04:59] [BLANK] 
[2026-09-19 12:04:59] [INFO] ⏳ Nghỉ 15 giây trước lần quét tiếp theo...
[2026-09-19 12:04:59] [BLANK] 
[2026-09-19 12:05:14] [INFO] --- [CHU KỲ #43] ---
[2026-09-19 12:05:14] [BLANK] 
[2026-09-19 12:05:14] [EMAIL] [2026-09-19 12:05:14] 🔍 Đang quét hòm thư 'INBOX' tìm thư chưa đọc...
[2026-09-19 12:05:14] [BLANK] 
[2026-09-19 12:05:16] [EMAIL]     -> Hộp thư sạch sẽ! Không có thư mới chưa đọc.
[2026-09-19 12:05:16] [BLANK] 
[2026-09-19 12:05:16] [INFO] ⏳ Nghỉ 15 giây trước lần quét tiếp theo...
[2026-09-19 12:05:16] [BLANK] 
[2026-09-19 12:05:31] [INFO] --- [CHU KỲ #44] ---
[2026-09-19 12:05:31] [BLANK] 
[2026-09-19 12:05:31] [EMAIL] [2026-09-19 12:05:31] 🔍 Đang quét hòm thư 'INBOX' tìm thư chưa đọc...
[2026-09-19 12:05:31] [BLANK] 
[2026-09-19 12:05:33] [EMAIL]     -> Hộp thư sạch sẽ! Không có thư mới chưa đọc.
[2026-09-19 12:05:33] [BLANK] 
[2026-09-19 12:05:33] [INFO] ⏳ Nghỉ 15 giây trước lần quét tiếp theo...
[2026-09-19 12:05:33] [BLANK] 
[2026-09-19 12:05:49] [INFO] --- [CHU KỲ #45] ---
[2026-09-19 12:05:49] [BLANK] 
[2026-09-19 12:05:49] [EMAIL] [2026-09-19 12:05:49] 🔍 Đang quét hòm thư 'INBOX' tìm thư chưa đọc...
[2026-09-19 12:05:49] [BLANK] 
[2026-09-19 12:05:51] [EMAIL]     -> Hộp thư sạch sẽ! Không có thư mới chưa đọc.
[2026-09-19 12:05:51] [BLANK] 
[2026-09-19 12:05:51] [INFO] ⏳ Nghỉ 15 giây trước lần quét tiếp theo...
[2026-09-19 12:05:51] [BLANK] 
[2026-09-19 12:06:06] [INFO] --- [CHU KỲ #46] ---
[2026-09-19 12:06:06] [BLANK] 
[2026-09-19 12:06:06] [EMAIL] [2026-09-19 12:06:06] 🔍 Đang quét hòm thư 'INBOX' tìm thư chưa đọc...
[2026-09-19 12:06:06] [BLANK] 
[2026-09-19 12:06:08] [INFO] INFO:     Started server process [24564]
[2026-09-19 12:06:08] [BLANK] 
[2026-09-19 12:06:08] [INFO] INFO:     Waiting for application startup.
[2026-09-19 12:06:08] [BLANK] 
[2026-09-19 12:06:08] [DIVIDER] ===========================================================================
[2026-09-19 12:06:08] [BLANK] 
[2026-09-19 12:06:08] [INFO] 🌐 [FASTAPI LOG VIEWER] Khởi chạy thành công máy chủ Web xem Log!
[2026-09-19 12:06:08] [BLANK] 
[2026-09-19 12:06:08] [INFO] 👉 Mở trình duyệt truy cập: http://0.0.0.0:8080
[2026-09-19 12:06:08] [BLANK] 
[2026-09-19 12:06:08] [DIVIDER] ===========================================================================
[2026-09-19 12:06:08] [BLANK] 
[2026-09-19 12:06:08] [BLANK] 
[2026-09-19 12:06:08] [DIVIDER] ===========================================================================
[2026-09-19 12:06:08] [BLANK] 
[2026-09-19 12:06:08] [EMAIL]  🤖 HỆ THỐNG TỰ ĐỘNG THEO DÕI EMAIL & PHẢN HỒI BẰNG AI MULTI-AGENT
[2026-09-19 12:06:08] [BLANK] 
[2026-09-19 12:06:08] [DIVIDER] ===========================================================================
[2026-09-19 12:06:08] [BLANK] 
[2026-09-19 12:06:08] [SVD]  • Tài khoản hòm thư : msbservicedesk2026@gmail.com
[2026-09-19 12:06:08] [BLANK] 
[2026-09-19 12:06:08] [EMAIL]  • Máy chủ IMAP/SMTP : imap.gmail.com:993 / smtp.gmail.com:587
[2026-09-19 12:06:08] [BLANK] 
[2026-09-19 12:06:08] [EMAIL]  • Thư mục quét      : INBOX
[2026-09-19 12:06:08] [BLANK] 
[2026-09-19 12:06:08] [INFO]  • Chu kỳ kiểm tra   : 15 giây/lần
[2026-09-19 12:06:08] [BLANK] 
[2026-09-19 12:06:08] [INFO]  • Agent AI          : IT Support
[2026-09-19 12:06:08] [BLANK] 
[2026-09-19 12:06:08] [DIVIDER] ===========================================================================
[2026-09-19 12:06:08] [BLANK] 
[2026-09-19 12:06:08] [INFO]  Nhấn Ctrl + C bất cứ lúc nào để dừng chương trình an toàn.
[2026-09-19 12:06:08] [BLANK] 
[2026-09-19 12:06:08] [INFO] [CHẾ ĐỘ TỰ ĐỘNG ĐỊNH KỲ] Quét mỗi 15 giây một lần...
[2026-09-19 12:06:08] [BLANK] 
[2026-09-19 12:06:08] [INFO] --- [CHU KỲ #1] ---
[2026-09-19 12:06:08] [BLANK] 
[2026-09-19 12:06:08] [EMAIL] [2026-09-19 12:06:08] 🔍 Đang quét hòm thư 'INBOX' tìm thư chưa đọc...
[2026-09-19 12:06:08] [INFO] INFO:     Application startup complete.
[2026-09-19 12:06:08] [BLANK] 
[2026-09-19 12:06:08] [BLANK] 
[2026-09-19 12:06:08] [INFO] INFO:     Uvicorn running on http://0.0.0.0:8080 (Press CTRL+C to quit)
[2026-09-19 12:06:08] [BLANK] 
[2026-09-19 12:06:09] [EMAIL]     -> Hộp thư sạch sẽ! Không có thư mới chưa đọc.
[2026-09-19 12:06:09] [BLANK] 
[2026-09-19 12:06:09] [INFO] ⏳ Nghỉ 15 giây trước lần quét tiếp theo...
[2026-09-19 12:06:09] [BLANK] 
[2026-09-19 12:06:10] [EMAIL]     -> Hộp thư sạch sẽ! Không có thư mới chưa đọc.
[2026-09-19 12:06:10] [BLANK] 
[2026-09-19 12:06:10] [INFO] ⏳ Nghỉ 15 giây trước lần quét tiếp theo...
[2026-09-19 12:06:10] [BLANK] 
[2026-09-19 12:06:24] [INFO] --- [CHU KỲ #47] ---
[2026-09-19 12:06:24] [BLANK] 
[2026-09-19 12:06:24] [EMAIL] [2026-09-19 12:06:24] 🔍 Đang quét hòm thư 'INBOX' tìm thư chưa đọc...
[2026-09-19 12:06:24] [BLANK] 
[2026-09-19 12:06:26] [INFO] --- [CHU KỲ #2] ---
[2026-09-19 12:06:26] [BLANK] 
[2026-09-19 12:06:26] [EMAIL] [2026-09-19 12:06:26] 🔍 Đang quét hòm thư 'INBOX' tìm thư chưa đọc...
[2026-09-19 12:06:26] [BLANK] 
[2026-09-19 12:06:26] [EMAIL]     -> Hộp thư sạch sẽ! Không có thư mới chưa đọc.
[2026-09-19 12:06:26] [BLANK] 
[2026-09-19 12:06:26] [INFO] ⏳ Nghỉ 15 giây trước lần quét tiếp theo...
[2026-09-19 12:06:26] [BLANK] 
[2026-09-19 12:06:28] [EMAIL]     -> Hộp thư sạch sẽ! Không có thư mới chưa đọc.
[2026-09-19 12:06:28] [BLANK] 
[2026-09-19 12:06:28] [INFO] ⏳ Nghỉ 15 giây trước lần quét tiếp theo...
[2026-09-19 12:06:28] [BLANK] 
[2026-09-19 12:06:41] [INFO] --- [CHU KỲ #48] ---
[2026-09-19 12:06:41] [BLANK] 
[2026-09-19 12:06:41] [EMAIL] [2026-09-19 12:06:41] 🔍 Đang quét hòm thư 'INBOX' tìm thư chưa đọc...
[2026-09-19 12:06:41] [BLANK] 
[2026-09-19 12:06:43] [INFO] --- [CHU KỲ #3] ---
[2026-09-19 12:06:43] [BLANK] 
[2026-09-19 12:06:43] [EMAIL] [2026-09-19 12:06:43] 🔍 Đang quét hòm thư 'INBOX' tìm thư chưa đọc...
[2026-09-19 12:06:43] [BLANK] 
[2026-09-19 12:06:44] [EMAIL]     -> Hộp thư sạch sẽ! Không có thư mới chưa đọc.
[2026-09-19 12:06:44] [BLANK] 
[2026-09-19 12:06:44] [INFO] ⏳ Nghỉ 15 giây trước lần quét tiếp theo...
[2026-09-19 12:06:44] [BLANK] 
[2026-09-19 12:06:45] [EMAIL]     -> Hộp thư sạch sẽ! Không có thư mới chưa đọc.
[2026-09-19 12:06:45] [BLANK] 
[2026-09-19 12:06:46] [INFO] ⏳ Nghỉ 15 giây trước lần quét tiếp theo...
[2026-09-19 12:06:46] [BLANK] 
[2026-09-19 12:06:47] [BLANK] 
[2026-09-19 12:06:47] [EMAIL] 🚀 [AI AGENT SERVICE DESK] Tiếp nhận email từ user@company.com | Tiêu đề: 'Tài khoản portal của tôi bị khóa do nhập sai mật khẩu quá 5 lần sáng n'...
[2026-09-19 12:06:47] [BLANK] 
[2026-09-19 12:06:47] [BLANK] 
[2026-09-19 12:06:47] [DIVIDER] ======================================================================
[2026-09-19 12:06:47] [BLANK] 
[2026-09-19 12:06:47] [STEP] 🔹 [BƯỚC 1: USER REQUEST] TIẾP NHẬN YÊU CẦU NGÔN NGỮ TỰ NHIÊN
[2026-09-19 12:06:47] [BLANK] 
[2026-09-19 12:06:47] [DIVIDER] ======================================================================
[2026-09-19 12:06:47] [BLANK] 
[2026-09-19 12:06:47] [INFO]  • Người gửi   : Anh/Chị <user@company.com>
[2026-09-19 12:06:47] [BLANK] 
[2026-09-19 12:06:47] [INFO]  • Tiêu đề     : Tài khoản portal của tôi bị khóa do nhập sai mật khẩu quá 5 lần sáng n
[2026-09-19 12:06:47] [BLANK] 
[2026-09-19 12:06:47] [INFO]  • Nội dung gốc: Tài khoản portal của tôi bị khóa do nhập sai mật khẩu quá 5 lần sáng nay. Tôi cần cấp lại mật khẩu g...
[2026-09-19 12:06:47] [BLANK] 
[2026-09-19 12:06:53] [BLANK] 
[2026-09-19 12:06:53] [DIVIDER] ======================================================================
[2026-09-19 12:06:53] [BLANK] 
[2026-09-19 12:06:53] [INFO] 🧭 [CENTER ROUTER] ĐIỀU PHỐI QUY TRÌNH HỆ THỐNG
[2026-09-19 12:06:53] [BLANK] 
[2026-09-19 12:06:53] [DIVIDER] ======================================================================
[2026-09-19 12:06:53] [BLANK] 
[2026-09-19 12:06:53] [INFO]  • Phân nhánh Subflow : 🛠️ SUBFLOW A: XỬ LÝ SỰ CỐ
[2026-09-19 12:06:53] [BLANK] 
[2026-09-19 12:06:53] [INFO]  • Lý do định tuyến   : Yêu cầu khôi phục tài khoản bị khóa do nhập sai mật khẩu nhiều lần, thuộc nhóm sự cố kỹ thuật và lỗi mật khẩu đã được quy định.
[2026-09-19 12:06:53] [BLANK] 
[2026-09-19 12:06:53] [SUCCESS] ✅ [KB_ENGINE] Đã nạp thành công 15 bản ghi sự cố từ sheet 'IncidentReport' (Optimized_IT_KnowledgeBase_v1.2.xlsx).
[2026-09-19 12:06:53] [BLANK] 
[2026-09-19 12:06:59] [INFO] --- [CHU KỲ #49] ---
[2026-09-19 12:06:59] [BLANK] 
[2026-09-19 12:06:59] [EMAIL] [2026-09-19 12:06:59] 🔍 Đang quét hòm thư 'INBOX' tìm thư chưa đọc...
[2026-09-19 12:06:59] [BLANK] 
[2026-09-19 12:07:01] [INFO] --- [CHU KỲ #4] ---
[2026-09-19 12:07:01] [BLANK] 
[2026-09-19 12:07:01] [EMAIL] [2026-09-19 12:07:01] 🔍 Đang quét hòm thư 'INBOX' tìm thư chưa đọc...
[2026-09-19 12:07:01] [BLANK] 
[2026-09-19 12:07:01] [EMAIL]     -> Hộp thư sạch sẽ! Không có thư mới chưa đọc.
[2026-09-19 12:07:01] [BLANK] 
[2026-09-19 12:07:01] [INFO] ⏳ Nghỉ 15 giây trước lần quét tiếp theo...
[2026-09-19 12:07:01] [BLANK] 
[2026-09-19 12:07:03] [EMAIL]     -> Hộp thư sạch sẽ! Không có thư mới chưa đọc.
[2026-09-19 12:07:03] [BLANK] 
[2026-09-19 12:07:03] [INFO] ⏳ Nghỉ 15 giây trước lần quét tiếp theo...
[2026-09-19 12:07:03] [BLANK] 
[2026-09-19 12:07:08] [BLANK] 
[2026-09-19 12:07:08] [DIVIDER] ======================================================================
[2026-09-19 12:07:08] [BLANK] 
[2026-09-19 12:07:08] [STEP] 🔹 [BƯỚC 2: INTENT] XÁC ĐỊNH LOẠI VẤN ĐỀ & TRẠNG THÁI GIẢI QUYẾT
[2026-09-19 12:07:08] [BLANK] 
[2026-09-19 12:07:08] [DIVIDER] ======================================================================
[2026-09-19 12:07:08] [BLANK] 
[2026-09-19 12:07:08] [INFO]  • Trạng thái giải quyết: 🔄 VẪN CẦN HỖ TRỢ (IN PROGRESS)
[2026-09-19 12:07:08] [BLANK] 
[2026-09-19 12:07:08] [INFO]  • Nhóm (Category)      : Network / Authentication
[2026-09-19 12:07:08] [BLANK] 
[2026-09-19 12:07:08] [SUCCESS]  • Ý định (Intent)      : Network Password Authentication
[2026-09-19 12:07:08] [BLANK] 
[2026-09-19 12:07:08] [INFO]  • Mức ưu tiên          : HIGH
[2026-09-19 12:07:08] [BLANK] 
[2026-09-19 12:07:08] [INFO]  • Tóm tắt vấn đề       : Người dùng yêu cầu cấp lại mật khẩu khẩn cấp cho tài khoản portal bị khóa do nhập sai mật khẩu quá 5 lần.
[2026-09-19 12:07:08] [BLANK] 
[2026-09-19 12:07:17] [INFO] --- [CHU KỲ #50] ---
[2026-09-19 12:07:17] [BLANK] 
[2026-09-19 12:07:17] [EMAIL] [2026-09-19 12:07:17] 🔍 Đang quét hòm thư 'INBOX' tìm thư chưa đọc...
[2026-09-19 12:07:17] [BLANK] 
[2026-09-19 12:07:18] [INFO] --- [CHU KỲ #5] ---
[2026-09-19 12:07:18] [BLANK] 
[2026-09-19 12:07:18] [EMAIL] [2026-09-19 12:07:18] 🔍 Đang quét hòm thư 'INBOX' tìm thư chưa đọc...
[2026-09-19 12:07:18] [BLANK] 
[2026-09-19 12:07:19] [EMAIL]     -> Hộp thư sạch sẽ! Không có thư mới chưa đọc.
[2026-09-19 12:07:19] [BLANK] 
[2026-09-19 12:07:19] [INFO] ⏳ Nghỉ 15 giây trước lần quét tiếp theo...
[2026-09-19 12:07:19] [BLANK] 
[2026-09-19 12:07:20] [EMAIL]     -> Hộp thư sạch sẽ! Không có thư mới chưa đọc.
[2026-09-19 12:07:20] [BLANK] 
[2026-09-19 12:07:20] [BLANK] 
[2026-09-19 12:07:20] [INFO] ⏳ Nghỉ 15 giây trước lần quét tiếp theo...
[2026-09-19 12:07:20] [DIVIDER] ======================================================================
[2026-09-19 12:07:20] [BLANK] 
[2026-09-19 12:07:20] [BLANK] 
[2026-09-19 12:07:20] [STEP] 🔹 [BƯỚC 3: CONTEXT] THU THẬP THÔNG TIN CẦN THIẾT
[2026-09-19 12:07:20] [BLANK] 
[2026-09-19 12:07:20] [DIVIDER] ======================================================================
[2026-09-19 12:07:20] [BLANK] 
[2026-09-19 12:07:20] [SUCCESS]  • Tiêu chuẩn yêu cầu (Required) : UserID, PasswordChanged, SignIn Status
[2026-09-19 12:07:20] [BLANK] 
[2026-09-19 12:07:20] [INFO]  • Mã người dùng (UserID)        : user@company.com
[2026-09-19 12:07:20] [BLANK] 
[2026-09-19 12:07:20] [INFO]  • Môi trường / Thiết bị         : Chưa rõ
[2026-09-19 12:07:20] [BLANK] 
[2026-09-19 12:07:20] [INFO]  • Trạng thái / Mã lỗi           : Tài khoản portal bị khóa do nhập sai mật khẩu quá 5 lần liên tiếp
[2026-09-19 12:07:20] [BLANK] 
[2026-09-19 12:07:20] [SUCCESS]  • Thông tin còn thiếu           : PasswordChanged, SignIn Status, UserID chính thức (chỉ có email người gửi)
[2026-09-19 12:07:20] [BLANK] 
[2026-09-19 12:07:20] [INFO]  • Tóm lược ngữ cảnh             : Người dùng báo cáo tài khoản portal bị khóa do nhập sai mật khẩu quá 5 lần vào sáng nay, yêu cầu cấp lại mật khẩu khẩn cấp để xử lý chứng từ công việc. Thiếu thông tin về môi trường kết nối/thiết bị, trạng thái đăng nhập hiện tại và xác nhận UserID chính thức trong hệ thống.
[2026-09-19 12:07:20] [BLANK] 
[2026-09-19 12:07:21] [BLANK] 
[2026-09-19 12:07:21] [DIVIDER] ======================================================================
[2026-09-19 12:07:21] [BLANK] 
[2026-09-19 12:07:21] [STEP] 🔹 [BƯỚC 4: KNOWLEDGE] TÌM KIẾM KB / SOP & TICKET TƯƠNG TỰ
[2026-09-19 12:07:21] [BLANK] 
[2026-09-19 12:07:21] [DIVIDER] ======================================================================
[2026-09-19 12:07:21] [BLANK] 
[2026-09-19 12:07:21] [INFO]  • Mã tri thức (KB_ID)     : NET-02.1
[2026-09-19 12:07:21] [BLANK] 
[2026-09-19 12:07:21] [SUCCESS]  • Quy trình / Phân loại   : Network / Authentication -> Network Password Authentication
[2026-09-19 12:07:21] [BLANK] 
[2026-09-19 12:07:21] [SUCCESS]  • Điều kiện chuẩn (IF)    : User vừa đổi mật khẩu hoặc Password hết hạn
[2026-09-19 12:07:21] [BLANK] 
[2026-09-19 12:07:21] [SUCCESS]  • Nguyên nhân gốc (THEN)  : Password Authentication Failure
[2026-09-19 12:07:21] [BLANK] 
[2026-09-19 12:07:21] [SUCCESS]  • Hướng xử lý chuẩn (SOP) : Hướng dẫn Reset password / Xóa profile Wifi cũ kết nối lại
[2026-09-19 12:07:21] [BLANK] 
[2026-09-19 12:07:21] [INFO]  • Đội ngũ phụ trách       : Network Team
[2026-09-19 12:07:21] [BLANK] 
[2026-09-19 12:07:21] [SVD]  • Tìm thấy 2 Ticket tương tự trong quá khứ:
[2026-09-19 12:07:21] [BLANK] 
[2026-09-19 12:07:21] [INFO]    - [INC-20260919-6084] Tài khoản portal của tôi bị khóa do nhập sai mật khẩu quá 5 lần sáng n -> ESCALATED_TIER_2
[2026-09-19 12:07:21] [BLANK] 
[2026-09-19 12:07:21] [SVD]    - [SVD-140] Tài khoản portal của tôi (user@company.com) bị khóa do nhập sai mật kh -> ESCALATED_TIER_2
[2026-09-19 12:07:21] [BLANK] 
[2026-09-19 12:07:34] [INFO] --- [CHU KỲ #51] ---
[2026-09-19 12:07:34] [BLANK] 
[2026-09-19 12:07:34] [EMAIL] [2026-09-19 12:07:34] 🔍 Đang quét hòm thư 'INBOX' tìm thư chưa đọc...
[2026-09-19 12:07:34] [BLANK] 
[2026-09-19 12:07:36] [INFO] --- [CHU KỲ #6] ---
[2026-09-19 12:07:36] [BLANK] 
[2026-09-19 12:07:36] [EMAIL] [2026-09-19 12:07:36] 🔍 Đang quét hòm thư 'INBOX' tìm thư chưa đọc...
[2026-09-19 12:07:36] [BLANK] 
[2026-09-19 12:07:36] [EMAIL]     -> Hộp thư sạch sẽ! Không có thư mới chưa đọc.
[2026-09-19 12:07:36] [BLANK] 
[2026-09-19 12:07:36] [INFO] ⏳ Nghỉ 15 giây trước lần quét tiếp theo...
[2026-09-19 12:07:36] [BLANK] 
[2026-09-19 12:07:38] [EMAIL]     -> Hộp thư sạch sẽ! Không có thư mới chưa đọc.
[2026-09-19 12:07:38] [BLANK] 
[2026-09-19 12:07:38] [INFO] ⏳ Nghỉ 15 giây trước lần quét tiếp theo...
[2026-09-19 12:07:38] [BLANK] 
[2026-09-19 12:07:39] [BLANK] 
[2026-09-19 12:07:39] [DIVIDER] ======================================================================
[2026-09-19 12:07:39] [BLANK] 
[2026-09-19 12:07:39] [STEP] 🔹 [BƯỚC 5: DIAGNOSTIC] PHÂN TÍCH TRIỆU CHỨNG & NGUYÊN NHÂN
[2026-09-19 12:07:39] [BLANK] 
[2026-09-19 12:07:39] [DIVIDER] ======================================================================
[2026-09-19 12:07:39] [BLANK] 
[2026-09-19 12:07:39] [INFO]  • Kiểm tra điều kiện (IF)  : Không đạt - Triệu chứng người dùng báo là tài khoản bị khóa do nhập sai mật khẩu quá 5 lần, không khớp với điều kiện IF trong KB (trường hợp vừa đổi mật khẩu hoặc mật khẩu hết hạn).
[2026-09-19 12:07:39] [BLANK] 
[2026-09-19 12:07:39] [INFO]  • Nguyên nhân cốt lõi (THEN): Tài khoản bị khóa tạm thời do cơ chế bảo mật kích hoạt sau 5 lần xác thực đăng nhập thất bại liên tiếp.
[2026-09-19 12:07:39] [BLANK] 
[2026-09-19 12:07:39] [INFO]  • Khả năng tự xử lý (Self) : Cần IT can thiệp trực tiếp (Escalation)
[2026-09-19 12:07:39] [BLANK] 
[2026-09-19 12:07:39] [INFO]  • Tóm lược chẩn đoán       : Tài khoản của bạn đang bị khóa tạm thời theo chính sách bảo mật do nhập sai mật khẩu quá 5 lần liên tiếp. Để khôi phục quyền truy cập và xử lý chứng từ kịp thời, vui lòng liên hệ bộ phận IT/Helpdesk để được hỗ trợ mở khóa tài khoản và thiết lập lại mật khẩu mới.
[2026-09-19 12:07:39] [BLANK] 
[2026-09-19 12:07:51] [INFO] --- [CHU KỲ #52] ---
[2026-09-19 12:07:51] [BLANK] 
[2026-09-19 12:07:51] [EMAIL] [2026-09-19 12:07:51] 🔍 Đang quét hòm thư 'INBOX' tìm thư chưa đọc...
[2026-09-19 12:07:51] [BLANK] 
[2026-09-19 12:07:53] [INFO] --- [CHU KỲ #7] ---
[2026-09-19 12:07:53] [BLANK] 
[2026-09-19 12:07:53] [EMAIL] [2026-09-19 12:07:53] 🔍 Đang quét hòm thư 'INBOX' tìm thư chưa đọc...
[2026-09-19 12:07:53] [BLANK] 
[2026-09-19 12:07:54] [EMAIL]     -> Hộp thư sạch sẽ! Không có thư mới chưa đọc.
[2026-09-19 12:07:54] [BLANK] 
[2026-09-19 12:07:54] [INFO] ⏳ Nghỉ 15 giây trước lần quét tiếp theo...
[2026-09-19 12:07:54] [BLANK] 
[2026-09-19 12:07:55] [EMAIL]     -> Hộp thư sạch sẽ! Không có thư mới chưa đọc.
[2026-09-19 12:07:55] [BLANK] 
[2026-09-19 12:07:55] [INFO] ⏳ Nghỉ 15 giây trước lần quét tiếp theo...
[2026-09-19 12:07:55] [BLANK] 
[2026-09-19 12:08:07] [BLANK] 
[2026-09-19 12:08:07] [DIVIDER] ======================================================================
[2026-09-19 12:08:07] [BLANK] 
[2026-09-19 12:08:07] [STEP] 🔹 [BƯỚC 6: RECOMMENDATION] ĐƯA RA HƯỚNG XỬ LÝ & GIẢI PHÁP
[2026-09-19 12:08:07] [BLANK] 
[2026-09-19 12:08:07] [DIVIDER] ======================================================================
[2026-09-19 12:08:07] [BLANK] 
[2026-09-19 12:08:07] [SUCCESS]  • Hành động chuẩn (SOP) : Hướng dẫn Reset password / Xóa profile Wifi cũ kết nối lại
[2026-09-19 12:08:07] [BLANK] 
[2026-09-19 12:08:07] [INFO]  • Hướng dẫn chi tiết (Trích đoạn):
[2026-09-19 12:08:07] [INFO] **HƯỚNG DẪN GIẢI QUYẾT SỰ CỐ: KHÓA TÀI KHOẢN PORTAL DO NHẬP SAI MẬT KHẨU**
[2026-09-19 12:08:07] [BLANK] 
[2026-09-19 12:08:07] [INFO] Kính gửi Anh/Chị,
[2026-09-19 12:08:07] [BLANK] 
[2026-09-19 12:08:07] [INFO] Trung tâm Hỗ trợ Kỹ thuật đã ghi nhận trường hợp tài khoản Portal của Anh/Chị bị khóa tạm thời. Đây là cơ...
[2026-09-19 12:08:07] [BLANK] 
[2026-09-19 12:08:07] [SVD] 🆕 [TICKET_SYSTEM] Phát hiện sự cố mới hoàn toàn -> Tiến hành tạo Ticket mới trên ServiceDesk Plus...
[2026-09-19 12:08:07] [BLANK] 
[2026-09-19 12:08:07] [SVD] 🌐 [SVD_UTILS] Đang gửi yêu cầu tạo Ticket lên ServiceDesk (https://49.213.71.61:8089)...
[2026-09-19 12:08:07] [BLANK] 
[2026-09-19 12:08:08] [SUCCESS] ✅ [SVD_UTILS THÀNH CÔNG] Đã tạo Ticket mới thực tế ID: #145
[2026-09-19 12:08:08] [BLANK] 
[2026-09-19 12:08:08] [SVD] 🔗 [SVD LINK]: https://49.213.71.61:8089/WorkOrder.do?woMode=viewWO&woID=145
[2026-09-19 12:08:08] [BLANK] 
[2026-09-19 12:08:08] [SVD] 💾 [TICKET_SYSTEM] Đã lưu Ticket mới và nội dung email vào database nội bộ.
[2026-09-19 12:08:08] [BLANK] 
[2026-09-19 12:08:08] [BLANK] 
[2026-09-19 12:08:08] [DIVIDER] ======================================================================
[2026-09-19 12:08:08] [BLANK] 
[2026-09-19 12:08:08] [STEP] 🔹 [BƯỚC 7: TICKET] XỬ LÝ VÒNG ĐỜI TICKET HỖ TRỢ IT
[2026-09-19 12:08:08] [BLANK] 
[2026-09-19 12:08:08] [DIVIDER] ======================================================================
[2026-09-19 12:08:08] [BLANK] 
[2026-09-19 12:08:08] [SVD]  • Hành động thực hiện   : CREATED_NEW_TICKET
[2026-09-19 12:08:08] [BLANK] 
[2026-09-19 12:08:08] [SVD]  • Mã Ticket (TicketID)  : SVD-145
[2026-09-19 12:08:08] [BLANK] 
[2026-09-19 12:08:08] [SVD]  • ServiceDesk ID        : #145
[2026-09-19 12:08:08] [BLANK] 
[2026-09-19 12:08:08] [INFO]  • Đội ngũ phụ trách     : Network Team
[2026-09-19 12:08:08] [BLANK] 
[2026-09-19 12:08:08] [INFO]  • Mức ưu tiên           : HIGH
[2026-09-19 12:08:08] [BLANK] 
[2026-09-19 12:08:08] [SVD]  • Trạng thái Ticket     : ESCALATED_TIER_2
[2026-09-19 12:08:08] [BLANK] 
[2026-09-19 12:08:08] [SVD]  • Link ServiceDesk      : https://49.213.71.61:8089/WorkOrder.do?woMode=viewWO&woID=145
[2026-09-19 12:08:08] [BLANK] 
[2026-09-19 12:08:08] [SVD]  • Cơ sở dữ liệu Ticket  : data/tickets_db.json
[2026-09-19 12:08:08] [BLANK] 
[2026-09-19 12:08:08] [INFO] 💾 [KNOWLEDGE FEEDBACK] Đã cập nhật kết quả xử lý vào kho dữ liệu tri thức 'data/resolutions_history.json'.
[2026-09-19 12:08:08] [BLANK] 
[2026-09-19 12:08:08] [BLANK] 
[2026-09-19 12:08:08] [DIVIDER] ======================================================================
[2026-09-19 12:08:08] [BLANK] 
[2026-09-19 12:08:08] [STEP] 🔹 [BƯỚC 8: RESOLUTION] LƯU TRI THỨC & ĐÓNG GÓI EMAIL PHẢN HỒI
[2026-09-19 12:08:08] [BLANK] 
[2026-09-19 12:08:08] [DIVIDER] ======================================================================
[2026-09-19 12:08:08] [BLANK] 
[2026-09-19 12:08:08] [SVD]  • Mã Ticket         : SVD-145
[2026-09-19 12:08:08] [BLANK] 
[2026-09-19 12:08:08] [SVD]  • Tiêu đề phản hồi  : Re: [SVD-145] Tài khoản portal của tôi bị khóa do nhập sai mật khẩu quá 5 lần sáng n
[2026-09-19 12:08:08] [BLANK] 
[2026-09-19 12:08:08] [INFO]  • Cập nhật lịch sử  : data/resolutions_history.json
[2026-09-19 12:08:08] [BLANK] 
[2026-09-19 12:08:08] [EMAIL]  • Email phản hồi (HTML & Plain Text) đã sẵn sàng để gửi.
[2026-09-19 12:08:08] [BLANK] 
[2026-09-19 12:08:08] [BLANK] 
[2026-09-19 12:08:08] [SUCCESS] 🎯 [HOÀN TẤT - SUBFLOW A: XỬ LÝ SỰ CỐ] Ticket: SVD-145 | Đội ngũ: Network Team | Trạng thái: ESCALATED_TIER_2
[2026-09-19 12:08:08] [BLANK] 
[2026-09-19 12:08:09] [INFO] --- [CHU KỲ #53] ---
[2026-09-19 12:08:09] [BLANK] 
[2026-09-19 12:08:09] [EMAIL] [2026-09-19 12:08:09] 🔍 Đang quét hòm thư 'INBOX' tìm thư chưa đọc...
[2026-09-19 12:08:09] [BLANK] 
[2026-09-19 12:08:10] [INFO] --- [CHU KỲ #8] ---
[2026-09-19 12:08:10] [BLANK] 
[2026-09-19 12:08:10] [EMAIL] [2026-09-19 12:08:10] 🔍 Đang quét hòm thư 'INBOX' tìm thư chưa đọc...
[2026-09-19 12:08:10] [BLANK] 
[2026-09-19 12:08:11] [EMAIL]     -> Hộp thư sạch sẽ! Không có thư mới chưa đọc.
[2026-09-19 12:08:11] [BLANK] 
[2026-09-19 12:08:11] [INFO] ⏳ Nghỉ 15 giây trước lần quét tiếp theo...
[2026-09-19 12:08:11] [BLANK] 
[2026-09-19 12:08:13] [EMAIL]     -> Hộp thư sạch sẽ! Không có thư mới chưa đọc.
[2026-09-19 12:08:13] [BLANK] 
[2026-09-19 12:08:13] [INFO] ⏳ Nghỉ 15 giây trước lần quét tiếp theo...
[2026-09-19 12:08:13] [BLANK] 
[2026-09-19 12:08:26] [INFO] --- [CHU KỲ #54] ---
[2026-09-19 12:08:26] [BLANK] 
[2026-09-19 12:08:26] [EMAIL] [2026-09-19 12:08:26] 🔍 Đang quét hòm thư 'INBOX' tìm thư chưa đọc...
[2026-09-19 12:08:26] [BLANK] 
[2026-09-19 12:08:28] [INFO] --- [CHU KỲ #9] ---
[2026-09-19 12:08:28] [BLANK] 
[2026-09-19 12:08:28] [EMAIL] [2026-09-19 12:08:28] 🔍 Đang quét hòm thư 'INBOX' tìm thư chưa đọc...
[2026-09-19 12:08:28] [BLANK] 
[2026-09-19 12:08:29] [EMAIL]     -> Hộp thư sạch sẽ! Không có thư mới chưa đọc.
[2026-09-19 12:08:29] [BLANK] 
[2026-09-19 12:08:29] [INFO] ⏳ Nghỉ 15 giây trước lần quét tiếp theo...
[2026-09-19 12:08:29] [BLANK] 
[2026-09-19 12:08:33] [EMAIL]     -> Hộp thư sạch sẽ! Không có thư mới chưa đọc.
[2026-09-19 12:08:33] [BLANK] 
[2026-09-19 12:08:33] [INFO] ⏳ Nghỉ 15 giây trước lần quét tiếp theo...
[2026-09-19 12:08:33] [BLANK] 
[2026-09-19 12:08:44] [INFO] --- [CHU KỲ #55] ---
[2026-09-19 12:08:44] [BLANK] 
[2026-09-19 12:08:44] [EMAIL] [2026-09-19 12:08:44] 🔍 Đang quét hòm thư 'INBOX' tìm thư chưa đọc...
[2026-09-19 12:08:44] [BLANK] 
[2026-09-19 12:08:46] [EMAIL]     -> Hộp thư sạch sẽ! Không có thư mới chưa đọc.
[2026-09-19 12:08:46] [BLANK] 
[2026-09-19 12:08:46] [INFO] ⏳ Nghỉ 15 giây trước lần quét tiếp theo...
[2026-09-19 12:08:46] [BLANK] 
[2026-09-19 12:08:49] [INFO] --- [CHU KỲ #10] ---
[2026-09-19 12:08:49] [BLANK] 
[2026-09-19 12:08:49] [EMAIL] [2026-09-19 12:08:49] 🔍 Đang quét hòm thư 'INBOX' tìm thư chưa đọc...
[2026-09-19 12:08:49] [BLANK] 
[2026-09-19 12:08:51] [EMAIL]     -> Hộp thư sạch sẽ! Không có thư mới chưa đọc.
[2026-09-19 12:08:51] [BLANK] 
[2026-09-19 12:08:51] [INFO] ⏳ Nghỉ 15 giây trước lần quét tiếp theo...
[2026-09-19 12:08:51] [BLANK] 
[2026-09-19 12:09:01] [INFO] --- [CHU KỲ #56] ---
[2026-09-19 12:09:01] [BLANK] 
[2026-09-19 12:09:01] [EMAIL] [2026-09-19 12:09:01] 🔍 Đang quét hòm thư 'INBOX' tìm thư chưa đọc...
[2026-09-19 12:09:01] [BLANK] 
[2026-09-19 12:09:04] [EMAIL]     -> Hộp thư sạch sẽ! Không có thư mới chưa đọc.
[2026-09-19 12:09:04] [BLANK] 
[2026-09-19 12:09:04] [INFO] ⏳ Nghỉ 15 giây trước lần quét tiếp theo...
[2026-09-19 12:09:04] [BLANK] 
[2026-09-19 12:09:06] [INFO] --- [CHU KỲ #11] ---
[2026-09-19 12:09:06] [BLANK] 
[2026-09-19 12:09:06] [EMAIL] [2026-09-19 12:09:06] 🔍 Đang quét hòm thư 'INBOX' tìm thư chưa đọc...
[2026-09-19 12:09:06] [BLANK] 
[2026-09-19 12:09:08] [EMAIL]     -> Hộp thư sạch sẽ! Không có thư mới chưa đọc.
[2026-09-19 12:09:08] [BLANK] 
[2026-09-19 12:09:08] [INFO] ⏳ Nghỉ 15 giây trước lần quét tiếp theo...
[2026-09-19 12:09:08] [BLANK] 
[2026-09-19 12:09:19] [INFO] --- [CHU KỲ #57] ---
[2026-09-19 12:09:19] [BLANK] 
[2026-09-19 12:09:19] [EMAIL] [2026-09-19 12:09:19] 🔍 Đang quét hòm thư 'INBOX' tìm thư chưa đọc...
[2026-09-19 12:09:19] [BLANK] 
[2026-09-19 12:09:21] [EMAIL]     -> Hộp thư sạch sẽ! Không có thư mới chưa đọc.
[2026-09-19 12:09:21] [BLANK] 
[2026-09-19 12:09:21] [INFO] ⏳ Nghỉ 15 giây trước lần quét tiếp theo...
[2026-09-19 12:09:21] [BLANK] 
[2026-09-19 12:09:23] [INFO] --- [CHU KỲ #12] ---
[2026-09-19 12:09:23] [BLANK] 
[2026-09-19 12:09:23] [EMAIL] [2026-09-19 12:09:23] 🔍 Đang quét hòm thư 'INBOX' tìm thư chưa đọc...
[2026-09-19 12:09:23] [BLANK] 
[2026-09-19 12:09:25] [EMAIL]     -> Hộp thư sạch sẽ! Không có thư mới chưa đọc.
[2026-09-19 12:09:25] [BLANK] 
[2026-09-19 12:09:25] [INFO] ⏳ Nghỉ 15 giây trước lần quét tiếp theo...
[2026-09-19 12:09:25] [BLANK] 
[2026-09-19 12:09:36] [INFO] --- [CHU KỲ #58] ---
[2026-09-19 12:09:36] [BLANK] 
[2026-09-19 12:09:36] [EMAIL] [2026-09-19 12:09:36] 🔍 Đang quét hòm thư 'INBOX' tìm thư chưa đọc...
[2026-09-19 12:09:36] [BLANK] 
[2026-09-19 12:09:38] [EMAIL]     -> Hộp thư sạch sẽ! Không có thư mới chưa đọc.
[2026-09-19 12:09:38] [BLANK] 
[2026-09-19 12:09:38] [INFO] ⏳ Nghỉ 15 giây trước lần quét tiếp theo...
[2026-09-19 12:09:38] [BLANK] 
[2026-09-19 12:09:40] [INFO] --- [CHU KỲ #13] ---
[2026-09-19 12:09:40] [BLANK] 
[2026-09-19 12:09:40] [EMAIL] [2026-09-19 12:09:40] 🔍 Đang quét hòm thư 'INBOX' tìm thư chưa đọc...
[2026-09-19 12:09:40] [BLANK] 
[2026-09-19 12:09:42] [EMAIL]     -> Hộp thư sạch sẽ! Không có thư mới chưa đọc.
[2026-09-19 12:09:42] [BLANK] 
[2026-09-19 12:09:42] [INFO] ⏳ Nghỉ 15 giây trước lần quét tiếp theo...
[2026-09-19 12:09:42] [BLANK] 
[2026-09-19 12:09:53] [INFO] --- [CHU KỲ #59] ---
[2026-09-19 12:09:53] [BLANK] 
[2026-09-19 12:09:53] [EMAIL] [2026-09-19 12:09:53] 🔍 Đang quét hòm thư 'INBOX' tìm thư chưa đọc...
[2026-09-19 12:09:53] [BLANK] 
[2026-09-19 12:09:56] [EMAIL]     -> Hộp thư sạch sẽ! Không có thư mới chưa đọc.
[2026-09-19 12:09:56] [BLANK] 
[2026-09-19 12:09:56] [INFO] ⏳ Nghỉ 15 giây trước lần quét tiếp theo...
[2026-09-19 12:09:56] [BLANK] 
[2026-09-19 12:09:57] [INFO] --- [CHU KỲ #14] ---
[2026-09-19 12:09:57] [BLANK] 
[2026-09-19 12:09:57] [EMAIL] [2026-09-19 12:09:57] 🔍 Đang quét hòm thư 'INBOX' tìm thư chưa đọc...
[2026-09-19 12:09:57] [BLANK] 
[2026-09-19 12:09:59] [EMAIL]     -> Hộp thư sạch sẽ! Không có thư mới chưa đọc.
[2026-09-19 12:09:59] [BLANK] 
[2026-09-19 12:09:59] [INFO] ⏳ Nghỉ 15 giây trước lần quét tiếp theo...
[2026-09-19 12:09:59] [BLANK] 
[2026-09-19 12:10:11] [INFO] --- [CHU KỲ #60] ---
[2026-09-19 12:10:11] [BLANK] 
[2026-09-19 12:10:11] [EMAIL] [2026-09-19 12:10:11] 🔍 Đang quét hòm thư 'INBOX' tìm thư chưa đọc...
[2026-09-19 12:10:11] [BLANK] 
[2026-09-19 12:10:13] [EMAIL]     -> Hộp thư sạch sẽ! Không có thư mới chưa đọc.
[2026-09-19 12:10:13] [BLANK] 
[2026-09-19 12:10:13] [INFO] ⏳ Nghỉ 15 giây trước lần quét tiếp theo...
[2026-09-19 12:10:13] [BLANK] 
[2026-09-19 12:10:15] [INFO] --- [CHU KỲ #15] ---
[2026-09-19 12:10:15] [BLANK] 
[2026-09-19 12:10:15] [EMAIL] [2026-09-19 12:10:15] 🔍 Đang quét hòm thư 'INBOX' tìm thư chưa đọc...
[2026-09-19 12:10:15] [BLANK] 
[2026-09-19 12:10:17] [EMAIL]     -> Hộp thư sạch sẽ! Không có thư mới chưa đọc.
[2026-09-19 12:10:17] [BLANK] 
[2026-09-19 12:10:17] [INFO] ⏳ Nghỉ 15 giây trước lần quét tiếp theo...
[2026-09-19 12:10:17] [BLANK] 
[2026-09-19 12:10:28] [INFO] --- [CHU KỲ #61] ---
[2026-09-19 12:10:28] [BLANK] 
[2026-09-19 12:10:28] [EMAIL] [2026-09-19 12:10:28] 🔍 Đang quét hòm thư 'INBOX' tìm thư chưa đọc...
[2026-09-19 12:10:28] [BLANK] 
[2026-09-19 12:10:30] [EMAIL]     -> Hộp thư sạch sẽ! Không có thư mới chưa đọc.
[2026-09-19 12:10:30] [BLANK] 
[2026-09-19 12:10:30] [INFO] ⏳ Nghỉ 15 giây trước lần quét tiếp theo...
[2026-09-19 12:10:30] [BLANK] 
[2026-09-19 12:10:32] [INFO] --- [CHU KỲ #16] ---
[2026-09-19 12:10:32] [BLANK] 
[2026-09-19 12:10:32] [EMAIL] [2026-09-19 12:10:32] 🔍 Đang quét hòm thư 'INBOX' tìm thư chưa đọc...
[2026-09-19 12:10:32] [BLANK] 
[2026-09-19 12:10:34] [EMAIL]     -> Hộp thư sạch sẽ! Không có thư mới chưa đọc.
[2026-09-19 12:10:34] [BLANK] 
[2026-09-19 12:10:34] [INFO] ⏳ Nghỉ 15 giây trước lần quét tiếp theo...
[2026-09-19 12:10:34] [BLANK] 
[2026-09-19 12:10:46] [INFO] --- [CHU KỲ #62] ---
[2026-09-19 12:10:46] [BLANK] 
[2026-09-19 12:10:46] [EMAIL] [2026-09-19 12:10:46] 🔍 Đang quét hòm thư 'INBOX' tìm thư chưa đọc...
[2026-09-19 12:10:46] [BLANK] 
[2026-09-19 12:10:48] [EMAIL]     -> Hộp thư sạch sẽ! Không có thư mới chưa đọc.
[2026-09-19 12:10:48] [BLANK] 
[2026-09-19 12:10:48] [INFO] ⏳ Nghỉ 15 giây trước lần quét tiếp theo...
[2026-09-19 12:10:48] [BLANK] 
[2026-09-19 12:10:49] [INFO] --- [CHU KỲ #17] ---
[2026-09-19 12:10:49] [BLANK] 
[2026-09-19 12:10:49] [EMAIL] [2026-09-19 12:10:49] 🔍 Đang quét hòm thư 'INBOX' tìm thư chưa đọc...
[2026-09-19 12:10:49] [BLANK] 
[2026-09-19 12:10:52] [EMAIL]     -> Hộp thư sạch sẽ! Không có thư mới chưa đọc.
[2026-09-19 12:10:52] [BLANK] 
[2026-09-19 12:10:52] [INFO] ⏳ Nghỉ 15 giây trước lần quét tiếp theo...
[2026-09-19 12:10:52] [BLANK] 
[2026-09-19 12:11:03] [INFO] --- [CHU KỲ #63] ---
[2026-09-19 12:11:03] [BLANK] 
[2026-09-19 12:11:03] [EMAIL] [2026-09-19 12:11:03] 🔍 Đang quét hòm thư 'INBOX' tìm thư chưa đọc...
[2026-09-19 12:11:03] [BLANK] 
[2026-09-19 12:11:05] [EMAIL]     -> Hộp thư sạch sẽ! Không có thư mới chưa đọc.
[2026-09-19 12:11:05] [BLANK] 
[2026-09-19 12:11:05] [INFO] ⏳ Nghỉ 15 giây trước lần quét tiếp theo...
[2026-09-19 12:11:05] [BLANK] 
[2026-09-19 12:11:07] [INFO] --- [CHU KỲ #18] ---
[2026-09-19 12:11:07] [BLANK] 
[2026-09-19 12:11:07] [EMAIL] [2026-09-19 12:11:07] 🔍 Đang quét hòm thư 'INBOX' tìm thư chưa đọc...
[2026-09-19 12:11:07] [BLANK] 
[2026-09-19 12:11:10] [EMAIL]     -> Hộp thư sạch sẽ! Không có thư mới chưa đọc.
[2026-09-19 12:11:10] [BLANK] 
[2026-09-19 12:11:10] [INFO] ⏳ Nghỉ 15 giây trước lần quét tiếp theo...
[2026-09-19 12:11:10] [BLANK] 
[2026-09-19 12:11:20] [INFO] --- [CHU KỲ #64] ---
[2026-09-19 12:11:20] [BLANK] 
[2026-09-19 12:11:20] [EMAIL] [2026-09-19 12:11:20] 🔍 Đang quét hòm thư 'INBOX' tìm thư chưa đọc...
[2026-09-19 12:11:20] [BLANK] 
[2026-09-19 12:11:23] [EMAIL]     -> Hộp thư sạch sẽ! Không có thư mới chưa đọc.
[2026-09-19 12:11:23] [BLANK] 
[2026-09-19 12:11:23] [INFO] ⏳ Nghỉ 15 giây trước lần quét tiếp theo...
[2026-09-19 12:11:23] [BLANK] 
[2026-09-19 12:11:25] [INFO] --- [CHU KỲ #19] ---
[2026-09-19 12:11:25] [BLANK] 
[2026-09-19 12:11:25] [EMAIL] [2026-09-19 12:11:25] 🔍 Đang quét hòm thư 'INBOX' tìm thư chưa đọc...
[2026-09-19 12:11:25] [BLANK] 
[2026-09-19 12:11:27] [EMAIL]     -> Hộp thư sạch sẽ! Không có thư mới chưa đọc.
[2026-09-19 12:11:27] [BLANK] 
[2026-09-19 12:11:27] [INFO] ⏳ Nghỉ 15 giây trước lần quét tiếp theo...
[2026-09-19 12:11:27] [BLANK] 
[2026-09-19 12:11:38] [INFO] --- [CHU KỲ #65] ---
[2026-09-19 12:11:38] [BLANK] 
[2026-09-19 12:11:38] [EMAIL] [2026-09-19 12:11:38] 🔍 Đang quét hòm thư 'INBOX' tìm thư chưa đọc...
[2026-09-19 12:11:38] [BLANK] 
[2026-09-19 12:11:40] [EMAIL]     -> Hộp thư sạch sẽ! Không có thư mới chưa đọc.
[2026-09-19 12:11:40] [BLANK] 
[2026-09-19 12:11:41] [INFO] ⏳ Nghỉ 15 giây trước lần quét tiếp theo...
[2026-09-19 12:11:41] [BLANK] 
[2026-09-19 12:11:42] [INFO] --- [CHU KỲ #20] ---
[2026-09-19 12:11:42] [BLANK] 
[2026-09-19 12:11:42] [EMAIL] [2026-09-19 12:11:42] 🔍 Đang quét hòm thư 'INBOX' tìm thư chưa đọc...
[2026-09-19 12:11:42] [BLANK] 
[2026-09-19 12:11:44] [EMAIL]     -> Hộp thư sạch sẽ! Không có thư mới chưa đọc.
[2026-09-19 12:11:44] [BLANK] 
[2026-09-19 12:11:44] [INFO] ⏳ Nghỉ 15 giây trước lần quét tiếp theo...
[2026-09-19 12:11:44] [BLANK] 
[2026-09-19 12:11:56] [INFO] --- [CHU KỲ #66] ---
[2026-09-19 12:11:56] [BLANK] 
[2026-09-19 12:11:56] [EMAIL] [2026-09-19 12:11:56] 🔍 Đang quét hòm thư 'INBOX' tìm thư chưa đọc...
[2026-09-19 12:11:56] [BLANK] 
[2026-09-19 12:11:58] [EMAIL]     -> Hộp thư sạch sẽ! Không có thư mới chưa đọc.
[2026-09-19 12:11:58] [BLANK] 
[2026-09-19 12:11:58] [INFO] ⏳ Nghỉ 15 giây trước lần quét tiếp theo...
[2026-09-19 12:11:58] [BLANK] 
[2026-09-19 12:11:59] [INFO] --- [CHU KỲ #21] ---
[2026-09-19 12:11:59] [BLANK] 
[2026-09-19 12:11:59] [EMAIL] [2026-09-19 12:11:59] 🔍 Đang quét hòm thư 'INBOX' tìm thư chưa đọc...
[2026-09-19 12:11:59] [BLANK] 
[2026-09-19 12:12:01] [EMAIL]     -> Hộp thư sạch sẽ! Không có thư mới chưa đọc.
[2026-09-19 12:12:01] [BLANK] 
[2026-09-19 12:12:01] [INFO] ⏳ Nghỉ 15 giây trước lần quét tiếp theo...
[2026-09-19 12:12:01] [BLANK] 
[2026-09-19 12:12:13] [INFO] --- [CHU KỲ #67] ---
[2026-09-19 12:12:13] [BLANK] 
[2026-09-19 12:12:13] [EMAIL] [2026-09-19 12:12:13] 🔍 Đang quét hòm thư 'INBOX' tìm thư chưa đọc...
[2026-09-19 12:12:13] [BLANK] 
[2026-09-19 12:12:15] [EMAIL]     -> Hộp thư sạch sẽ! Không có thư mới chưa đọc.
[2026-09-19 12:12:15] [BLANK] 
[2026-09-19 12:12:15] [INFO] ⏳ Nghỉ 15 giây trước lần quét tiếp theo...
[2026-09-19 12:12:15] [BLANK] 
[2026-09-19 12:12:16] [INFO] --- [CHU KỲ #22] ---
[2026-09-19 12:12:16] [BLANK] 
[2026-09-19 12:12:16] [EMAIL] [2026-09-19 12:12:16] 🔍 Đang quét hòm thư 'INBOX' tìm thư chưa đọc...
[2026-09-19 12:12:16] [BLANK] 
[2026-09-19 12:12:18] [EMAIL]     -> Hộp thư sạch sẽ! Không có thư mới chưa đọc.
[2026-09-19 12:12:18] [BLANK] 
[2026-09-19 12:12:18] [INFO] ⏳ Nghỉ 15 giây trước lần quét tiếp theo...
[2026-09-19 12:12:18] [BLANK] 
[2026-09-19 12:12:30] [INFO] --- [CHU KỲ #68] ---
[2026-09-19 12:12:30] [BLANK] 
[2026-09-19 12:12:30] [EMAIL] [2026-09-19 12:12:30] 🔍 Đang quét hòm thư 'INBOX' tìm thư chưa đọc...
[2026-09-19 12:12:30] [BLANK] 
[2026-09-19 12:12:33] [EMAIL]     -> Hộp thư sạch sẽ! Không có thư mới chưa đọc.
[2026-09-19 12:12:33] [BLANK] 
[2026-09-19 12:12:33] [INFO] ⏳ Nghỉ 15 giây trước lần quét tiếp theo...
[2026-09-19 12:12:33] [BLANK] 
[2026-09-19 12:12:33] [INFO] --- [CHU KỲ #23] ---
[2026-09-19 12:12:33] [BLANK] 
[2026-09-19 12:12:33] [EMAIL] [2026-09-19 12:12:33] 🔍 Đang quét hòm thư 'INBOX' tìm thư chưa đọc...
[2026-09-19 12:12:33] [BLANK] 
[2026-09-19 12:12:35] [EMAIL]     -> Hộp thư sạch sẽ! Không có thư mới chưa đọc.
[2026-09-19 12:12:35] [BLANK] 
[2026-09-19 12:12:35] [INFO] ⏳ Nghỉ 15 giây trước lần quét tiếp theo...
[2026-09-19 12:12:35] [BLANK] 
[2026-09-19 12:12:48] [INFO] --- [CHU KỲ #69] ---
[2026-09-19 12:12:48] [BLANK] 
[2026-09-19 12:12:48] [EMAIL] [2026-09-19 12:12:48] 🔍 Đang quét hòm thư 'INBOX' tìm thư chưa đọc...
[2026-09-19 12:12:48] [BLANK] 
[2026-09-19 12:12:50] [EMAIL]     -> Hộp thư sạch sẽ! Không có thư mới chưa đọc.
[2026-09-19 12:12:50] [BLANK] 
[2026-09-19 12:12:50] [INFO] ⏳ Nghỉ 15 giây trước lần quét tiếp theo...
[2026-09-19 12:12:50] [BLANK] 
[2026-09-19 12:12:51] [INFO] --- [CHU KỲ #24] ---
[2026-09-19 12:12:51] [BLANK] 
[2026-09-19 12:12:51] [EMAIL] [2026-09-19 12:12:51] 🔍 Đang quét hòm thư 'INBOX' tìm thư chưa đọc...
[2026-09-19 12:12:51] [BLANK] 
[2026-09-19 12:12:53] [EMAIL]     -> Hộp thư sạch sẽ! Không có thư mới chưa đọc.
[2026-09-19 12:12:53] [BLANK] 
[2026-09-19 12:12:53] [INFO] ⏳ Nghỉ 15 giây trước lần quét tiếp theo...
[2026-09-19 12:12:53] [BLANK] 
[2026-09-19 12:13:05] [INFO] --- [CHU KỲ #70] ---
[2026-09-19 12:13:05] [BLANK] 
[2026-09-19 12:13:05] [EMAIL] [2026-09-19 12:13:05] 🔍 Đang quét hòm thư 'INBOX' tìm thư chưa đọc...
[2026-09-19 12:13:05] [BLANK] 
[2026-09-19 12:13:08] [EMAIL]     -> Hộp thư sạch sẽ! Không có thư mới chưa đọc.
[2026-09-19 12:13:08] [BLANK] 
[2026-09-19 12:13:08] [INFO] ⏳ Nghỉ 15 giây trước lần quét tiếp theo...
[2026-09-19 12:13:08] [BLANK] 
[2026-09-19 12:13:08] [INFO] --- [CHU KỲ #25] ---
[2026-09-19 12:13:08] [BLANK] 
[2026-09-19 12:13:08] [EMAIL] [2026-09-19 12:13:08] 🔍 Đang quét hòm thư 'INBOX' tìm thư chưa đọc...
[2026-09-19 12:13:08] [BLANK] 
[2026-09-19 12:13:10] [EMAIL]     -> Hộp thư sạch sẽ! Không có thư mới chưa đọc.
[2026-09-19 12:13:10] [BLANK] 
[2026-09-19 12:13:10] [INFO] ⏳ Nghỉ 15 giây trước lần quét tiếp theo...
[2026-09-19 12:13:10] [BLANK] 
[2026-09-19 12:13:23] [INFO] --- [CHU KỲ #71] ---
[2026-09-19 12:13:23] [BLANK] 
[2026-09-19 12:13:23] [EMAIL] [2026-09-19 12:13:23] 🔍 Đang quét hòm thư 'INBOX' tìm thư chưa đọc...
[2026-09-19 12:13:23] [BLANK] 
[2026-09-19 12:13:25] [EMAIL]     -> Hộp thư sạch sẽ! Không có thư mới chưa đọc.
[2026-09-19 12:13:25] [BLANK] 
[2026-09-19 12:13:25] [INFO] ⏳ Nghỉ 15 giây trước lần quét tiếp theo...
[2026-09-19 12:13:25] [BLANK] 
[2026-09-19 12:13:25] [INFO] --- [CHU KỲ #26] ---
[2026-09-19 12:13:25] [BLANK] 
[2026-09-19 12:13:25] [EMAIL] [2026-09-19 12:13:25] 🔍 Đang quét hòm thư 'INBOX' tìm thư chưa đọc...
[2026-09-19 12:13:25] [BLANK] 
[2026-09-19 12:13:28] [EMAIL]     -> Hộp thư sạch sẽ! Không có thư mới chưa đọc.
[2026-09-19 12:13:28] [BLANK] 
[2026-09-19 12:13:28] [INFO] ⏳ Nghỉ 15 giây trước lần quét tiếp theo...
[2026-09-19 12:13:28] [BLANK] 
[2026-09-19 12:13:40] [INFO] --- [CHU KỲ #72] ---
[2026-09-19 12:13:40] [BLANK] 
[2026-09-19 12:13:40] [EMAIL] [2026-09-19 12:13:40] 🔍 Đang quét hòm thư 'INBOX' tìm thư chưa đọc...
[2026-09-19 12:13:40] [BLANK] 
[2026-09-19 12:13:43] [EMAIL]     -> Hộp thư sạch sẽ! Không có thư mới chưa đọc.
[2026-09-19 12:13:43] [BLANK] 
[2026-09-19 12:13:43] [INFO] ⏳ Nghỉ 15 giây trước lần quét tiếp theo...
[2026-09-19 12:13:43] [BLANK] 
[2026-09-19 12:13:43] [INFO] --- [CHU KỲ #27] ---
[2026-09-19 12:13:43] [BLANK] 
[2026-09-19 12:13:43] [EMAIL] [2026-09-19 12:13:43] 🔍 Đang quét hòm thư 'INBOX' tìm thư chưa đọc...
[2026-09-19 12:13:43] [BLANK] 
[2026-09-19 12:13:45] [EMAIL]     -> Hộp thư sạch sẽ! Không có thư mới chưa đọc.
[2026-09-19 12:13:45] [BLANK] 
[2026-09-19 12:13:45] [INFO] ⏳ Nghỉ 15 giây trước lần quét tiếp theo...
[2026-09-19 12:13:45] [BLANK] 
[2026-09-19 12:13:58] [INFO] --- [CHU KỲ #73] ---
[2026-09-19 12:13:58] [BLANK] 
[2026-09-19 12:13:58] [EMAIL] [2026-09-19 12:13:58] 🔍 Đang quét hòm thư 'INBOX' tìm thư chưa đọc...
[2026-09-19 12:13:58] [BLANK] 
[2026-09-19 12:14:00] [INFO] --- [CHU KỲ #28] ---
[2026-09-19 12:14:00] [BLANK] 
[2026-09-19 12:14:00] [EMAIL] [2026-09-19 12:14:00] 🔍 Đang quét hòm thư 'INBOX' tìm thư chưa đọc...
[2026-09-19 12:14:00] [BLANK] 
[2026-09-19 12:14:00] [EMAIL]     -> Hộp thư sạch sẽ! Không có thư mới chưa đọc.
[2026-09-19 12:14:00] [BLANK] 
[2026-09-19 12:14:00] [INFO] ⏳ Nghỉ 15 giây trước lần quét tiếp theo...
[2026-09-19 12:14:00] [BLANK] 
[2026-09-19 12:14:02] [EMAIL]     -> Hộp thư sạch sẽ! Không có thư mới chưa đọc.
[2026-09-19 12:14:02] [BLANK] 
[2026-09-19 12:14:02] [INFO] ⏳ Nghỉ 15 giây trước lần quét tiếp theo...
[2026-09-19 12:14:02] [BLANK] 
[2026-09-19 12:14:15] [INFO] --- [CHU KỲ #74] ---
[2026-09-19 12:14:15] [BLANK] 
[2026-09-19 12:14:15] [EMAIL] [2026-09-19 12:14:15] 🔍 Đang quét hòm thư 'INBOX' tìm thư chưa đọc...
[2026-09-19 12:14:15] [BLANK] 
[2026-09-19 12:14:17] [EMAIL]     -> Hộp thư sạch sẽ! Không có thư mới chưa đọc.
[2026-09-19 12:14:17] [BLANK] 
[2026-09-19 12:14:17] [INFO] ⏳ Nghỉ 15 giây trước lần quét tiếp theo...
[2026-09-19 12:14:17] [BLANK] 
[2026-09-19 12:14:18] [INFO] --- [CHU KỲ #29] ---
[2026-09-19 12:14:18] [BLANK] 
[2026-09-19 12:14:18] [EMAIL] [2026-09-19 12:14:18] 🔍 Đang quét hòm thư 'INBOX' tìm thư chưa đọc...
[2026-09-19 12:14:18] [BLANK] 
[2026-09-19 12:14:20] [EMAIL]     -> Hộp thư sạch sẽ! Không có thư mới chưa đọc.
[2026-09-19 12:14:20] [BLANK] 
[2026-09-19 12:14:20] [INFO] ⏳ Nghỉ 15 giây trước lần quét tiếp theo...
[2026-09-19 12:14:20] [BLANK] 
[2026-09-19 12:14:32] [INFO] --- [CHU KỲ #75] ---
[2026-09-19 12:14:32] [BLANK] 
[2026-09-19 12:14:32] [EMAIL] [2026-09-19 12:14:32] 🔍 Đang quét hòm thư 'INBOX' tìm thư chưa đọc...
[2026-09-19 12:14:32] [BLANK] 
[2026-09-19 12:14:35] [EMAIL]     -> Hộp thư sạch sẽ! Không có thư mới chưa đọc.
[2026-09-19 12:14:35] [BLANK] 
[2026-09-19 12:14:35] [INFO] ⏳ Nghỉ 15 giây trước lần quét tiếp theo...
[2026-09-19 12:14:35] [BLANK] 
[2026-09-19 12:14:35] [INFO] --- [CHU KỲ #30] ---
[2026-09-19 12:14:35] [BLANK] 
[2026-09-19 12:14:35] [EMAIL] [2026-09-19 12:14:35] 🔍 Đang quét hòm thư 'INBOX' tìm thư chưa đọc...
[2026-09-19 12:14:35] [BLANK] 
[2026-09-19 12:14:39] [EMAIL]     -> Hộp thư sạch sẽ! Không có thư mới chưa đọc.
[2026-09-19 12:14:39] [BLANK] 
[2026-09-19 12:14:39] [INFO] ⏳ Nghỉ 15 giây trước lần quét tiếp theo...
[2026-09-19 12:14:39] [BLANK] 
[2026-09-19 12:14:50] [INFO] --- [CHU KỲ #76] ---
[2026-09-19 12:14:50] [BLANK] 
[2026-09-19 12:14:50] [EMAIL] [2026-09-19 12:14:50] 🔍 Đang quét hòm thư 'INBOX' tìm thư chưa đọc...
[2026-09-19 12:14:50] [BLANK] 
[2026-09-19 12:14:52] [EMAIL]     -> Hộp thư sạch sẽ! Không có thư mới chưa đọc.
[2026-09-19 12:14:52] [BLANK] 
[2026-09-19 12:14:52] [INFO] ⏳ Nghỉ 15 giây trước lần quét tiếp theo...
[2026-09-19 12:14:52] [BLANK] 
[2026-09-19 12:14:54] [INFO] --- [CHU KỲ #31] ---
[2026-09-19 12:14:54] [BLANK] 
[2026-09-19 12:14:54] [EMAIL] [2026-09-19 12:14:54] 🔍 Đang quét hòm thư 'INBOX' tìm thư chưa đọc...
[2026-09-19 12:14:54] [BLANK] 
[2026-09-19 12:14:56] [EMAIL]     -> Hộp thư sạch sẽ! Không có thư mới chưa đọc.
[2026-09-19 12:14:56] [BLANK] 
[2026-09-19 12:14:56] [INFO] ⏳ Nghỉ 15 giây trước lần quét tiếp theo...
[2026-09-19 12:14:56] [BLANK] 
[2026-09-19 12:15:07] [INFO] --- [CHU KỲ #77] ---
[2026-09-19 12:15:07] [BLANK] 
[2026-09-19 12:15:07] [EMAIL] [2026-09-19 12:15:07] 🔍 Đang quét hòm thư 'INBOX' tìm thư chưa đọc...
[2026-09-19 12:15:07] [BLANK] 
[2026-09-19 12:15:10] [EMAIL]     -> Hộp thư sạch sẽ! Không có thư mới chưa đọc.
[2026-09-19 12:15:10] [BLANK] 
[2026-09-19 12:15:10] [INFO] ⏳ Nghỉ 15 giây trước lần quét tiếp theo...
[2026-09-19 12:15:10] [BLANK] 
[2026-09-19 12:15:11] [INFO] --- [CHU KỲ #32] ---
[2026-09-19 12:15:11] [BLANK] 
[2026-09-19 12:15:11] [EMAIL] [2026-09-19 12:15:11] 🔍 Đang quét hòm thư 'INBOX' tìm thư chưa đọc...
[2026-09-19 12:15:11] [BLANK] 
[2026-09-19 12:15:13] [EMAIL]     -> Hộp thư sạch sẽ! Không có thư mới chưa đọc.
[2026-09-19 12:15:13] [BLANK] 
[2026-09-19 12:15:13] [INFO] ⏳ Nghỉ 15 giây trước lần quét tiếp theo...
[2026-09-19 12:15:13] [BLANK] 
[2026-09-19 12:15:25] [INFO] --- [CHU KỲ #78] ---
[2026-09-19 12:15:25] [BLANK] 
[2026-09-19 12:15:25] [EMAIL] [2026-09-19 12:15:25] 🔍 Đang quét hòm thư 'INBOX' tìm thư chưa đọc...
[2026-09-19 12:15:25] [BLANK] 
[2026-09-19 12:15:28] [INFO] --- [CHU KỲ #33] ---
[2026-09-19 12:15:28] [BLANK] 
[2026-09-19 12:15:28] [EMAIL] [2026-09-19 12:15:28] 🔍 Đang quét hòm thư 'INBOX' tìm thư chưa đọc...
[2026-09-19 12:15:28] [BLANK] 
[2026-09-19 12:15:29] [EMAIL]     -> Hộp thư sạch sẽ! Không có thư mới chưa đọc.
[2026-09-19 12:15:29] [BLANK] 
[2026-09-19 12:15:29] [INFO] ⏳ Nghỉ 15 giây trước lần quét tiếp theo...
[2026-09-19 12:15:29] [BLANK] 
[2026-09-19 12:15:31] [EMAIL]     -> Hộp thư sạch sẽ! Không có thư mới chưa đọc.
[2026-09-19 12:15:31] [BLANK] 
[2026-09-19 12:15:31] [INFO] ⏳ Nghỉ 15 giây trước lần quét tiếp theo...
[2026-09-19 12:15:31] [BLANK] 
[2026-09-19 12:15:44] [INFO] --- [CHU KỲ #79] ---
[2026-09-19 12:15:44] [BLANK] 
[2026-09-19 12:15:44] [EMAIL] [2026-09-19 12:15:44] 🔍 Đang quét hòm thư 'INBOX' tìm thư chưa đọc...
[2026-09-19 12:15:44] [BLANK] 
[2026-09-19 12:15:46] [INFO] --- [CHU KỲ #34] ---
[2026-09-19 12:15:46] [BLANK] 
[2026-09-19 12:15:46] [EMAIL] [2026-09-19 12:15:46] 🔍 Đang quét hòm thư 'INBOX' tìm thư chưa đọc...
[2026-09-19 12:15:46] [BLANK] 
[2026-09-19 12:15:46] [EMAIL]     -> Hộp thư sạch sẽ! Không có thư mới chưa đọc.
[2026-09-19 12:15:46] [BLANK] 
[2026-09-19 12:15:46] [INFO] ⏳ Nghỉ 15 giây trước lần quét tiếp theo...
[2026-09-19 12:15:46] [BLANK] 
[2026-09-19 12:15:48] [EMAIL]     -> Hộp thư sạch sẽ! Không có thư mới chưa đọc.
[2026-09-19 12:15:48] [BLANK] 
[2026-09-19 12:15:48] [INFO] ⏳ Nghỉ 15 giây trước lần quét tiếp theo...
[2026-09-19 12:15:48] [BLANK] 
[2026-09-19 12:16:01] [INFO] --- [CHU KỲ #80] ---
[2026-09-19 12:16:01] [BLANK] 
[2026-09-19 12:16:01] [EMAIL] [2026-09-19 12:16:01] 🔍 Đang quét hòm thư 'INBOX' tìm thư chưa đọc...
[2026-09-19 12:16:01] [BLANK] 
[2026-09-19 12:16:03] [INFO] --- [CHU KỲ #35] ---
[2026-09-19 12:16:03] [BLANK] 
[2026-09-19 12:16:03] [EMAIL] [2026-09-19 12:16:03] 🔍 Đang quét hòm thư 'INBOX' tìm thư chưa đọc...
[2026-09-19 12:16:03] [BLANK] 
[2026-09-19 12:16:04] [EMAIL]     -> Hộp thư sạch sẽ! Không có thư mới chưa đọc.
[2026-09-19 12:16:04] [BLANK] 
[2026-09-19 12:16:04] [INFO] ⏳ Nghỉ 15 giây trước lần quét tiếp theo...
[2026-09-19 12:16:04] [BLANK] 
[2026-09-19 12:16:05] [EMAIL]     -> Hộp thư sạch sẽ! Không có thư mới chưa đọc.
[2026-09-19 12:16:05] [BLANK] 
[2026-09-19 12:16:05] [INFO] ⏳ Nghỉ 15 giây trước lần quét tiếp theo...
[2026-09-19 12:16:05] [BLANK] 
[2026-09-19 12:16:19] [INFO] --- [CHU KỲ #81] ---
[2026-09-19 12:16:19] [BLANK] 
[2026-09-19 12:16:19] [EMAIL] [2026-09-19 12:16:19] 🔍 Đang quét hòm thư 'INBOX' tìm thư chưa đọc...
[2026-09-19 12:16:19] [BLANK] 
[2026-09-19 12:16:21] [INFO] --- [CHU KỲ #36] ---
[2026-09-19 12:16:21] [BLANK] 
[2026-09-19 12:16:21] [EMAIL] [2026-09-19 12:16:21] 🔍 Đang quét hòm thư 'INBOX' tìm thư chưa đọc...
[2026-09-19 12:16:21] [BLANK] 
[2026-09-19 12:16:21] [EMAIL]     -> Hộp thư sạch sẽ! Không có thư mới chưa đọc.
[2026-09-19 12:16:21] [BLANK] 
[2026-09-19 12:16:21] [INFO] ⏳ Nghỉ 15 giây trước lần quét tiếp theo...
[2026-09-19 12:16:21] [BLANK] 
[2026-09-19 12:16:23] [EMAIL]     -> Hộp thư sạch sẽ! Không có thư mới chưa đọc.
[2026-09-19 12:16:23] [BLANK] 
[2026-09-19 12:16:23] [INFO] ⏳ Nghỉ 15 giây trước lần quét tiếp theo...
[2026-09-19 12:16:23] [BLANK] 
[2026-09-19 12:16:36] [INFO] --- [CHU KỲ #82] ---
[2026-09-19 12:16:36] [BLANK] 
[2026-09-19 12:16:36] [EMAIL] [2026-09-19 12:16:36] 🔍 Đang quét hòm thư 'INBOX' tìm thư chưa đọc...
[2026-09-19 12:16:36] [BLANK] 
[2026-09-19 12:16:38] [INFO] --- [CHU KỲ #37] ---
[2026-09-19 12:16:38] [BLANK] 
[2026-09-19 12:16:38] [EMAIL] [2026-09-19 12:16:38] 🔍 Đang quét hòm thư 'INBOX' tìm thư chưa đọc...
[2026-09-19 12:16:38] [BLANK] 
[2026-09-19 12:16:38] [EMAIL]     -> Hộp thư sạch sẽ! Không có thư mới chưa đọc.
[2026-09-19 12:16:38] [BLANK] 
[2026-09-19 12:16:38] [INFO] ⏳ Nghỉ 15 giây trước lần quét tiếp theo...
[2026-09-19 12:16:38] [BLANK] 
[2026-09-19 12:16:40] [EMAIL]     -> Hộp thư sạch sẽ! Không có thư mới chưa đọc.
[2026-09-19 12:16:40] [BLANK] 
[2026-09-19 12:16:40] [INFO] ⏳ Nghỉ 15 giây trước lần quét tiếp theo...
[2026-09-19 12:16:40] [BLANK] 
[2026-09-19 12:16:53] [INFO] --- [CHU KỲ #83] ---
[2026-09-19 12:16:53] [BLANK] 
[2026-09-19 12:16:53] [EMAIL] [2026-09-19 12:16:53] 🔍 Đang quét hòm thư 'INBOX' tìm thư chưa đọc...
[2026-09-19 12:16:53] [BLANK] 
[2026-09-19 12:16:55] [INFO] --- [CHU KỲ #38] ---
[2026-09-19 12:16:55] [BLANK] 
[2026-09-19 12:16:55] [EMAIL] [2026-09-19 12:16:55] 🔍 Đang quét hòm thư 'INBOX' tìm thư chưa đọc...
[2026-09-19 12:16:55] [BLANK] 
[2026-09-19 12:16:55] [EMAIL]     -> Hộp thư sạch sẽ! Không có thư mới chưa đọc.
[2026-09-19 12:16:55] [BLANK] 
[2026-09-19 12:16:55] [INFO] ⏳ Nghỉ 15 giây trước lần quét tiếp theo...
[2026-09-19 12:16:55] [BLANK] 
[2026-09-19 12:16:57] [EMAIL]     -> Hộp thư sạch sẽ! Không có thư mới chưa đọc.
[2026-09-19 12:16:57] [BLANK] 
[2026-09-19 12:16:57] [INFO] ⏳ Nghỉ 15 giây trước lần quét tiếp theo...
[2026-09-19 12:16:57] [BLANK] 
[2026-09-19 12:17:11] [INFO] --- [CHU KỲ #84] ---
[2026-09-19 12:17:11] [BLANK] 
[2026-09-19 12:17:11] [EMAIL] [2026-09-19 12:17:11] 🔍 Đang quét hòm thư 'INBOX' tìm thư chưa đọc...
[2026-09-19 12:17:11] [BLANK] 
[2026-09-19 12:17:12] [INFO] --- [CHU KỲ #39] ---
[2026-09-19 12:17:12] [BLANK] 
[2026-09-19 12:17:12] [EMAIL] [2026-09-19 12:17:12] 🔍 Đang quét hòm thư 'INBOX' tìm thư chưa đọc...
[2026-09-19 12:17:12] [BLANK] 
[2026-09-19 12:17:13] [EMAIL]     -> Hộp thư sạch sẽ! Không có thư mới chưa đọc.
[2026-09-19 12:17:13] [BLANK] 
[2026-09-19 12:17:13] [INFO] ⏳ Nghỉ 15 giây trước lần quét tiếp theo...
[2026-09-19 12:17:13] [BLANK] 
[2026-09-19 12:17:15] [EMAIL]     -> Hộp thư sạch sẽ! Không có thư mới chưa đọc.
[2026-09-19 12:17:15] [BLANK] 
[2026-09-19 12:17:15] [INFO] ⏳ Nghỉ 15 giây trước lần quét tiếp theo...
[2026-09-19 12:17:15] [BLANK] 
[2026-09-19 12:17:28] [INFO] --- [CHU KỲ #85] ---
[2026-09-19 12:17:28] [BLANK] 
[2026-09-19 12:17:28] [EMAIL] [2026-09-19 12:17:28] 🔍 Đang quét hòm thư 'INBOX' tìm thư chưa đọc...
[2026-09-19 12:17:28] [BLANK] 
[2026-09-19 12:17:30] [EMAIL]     -> Hộp thư sạch sẽ! Không có thư mới chưa đọc.
[2026-09-19 12:17:30] [BLANK] 
[2026-09-19 12:17:30] [INFO] ⏳ Nghỉ 15 giây trước lần quét tiếp theo...
[2026-09-19 12:17:30] [BLANK] 
[2026-09-19 12:17:31] [INFO] --- [CHU KỲ #40] ---
[2026-09-19 12:17:31] [BLANK] 
[2026-09-19 12:17:31] [EMAIL] [2026-09-19 12:17:31] 🔍 Đang quét hòm thư 'INBOX' tìm thư chưa đọc...
[2026-09-19 12:17:31] [BLANK] 
[2026-09-19 12:17:33] [EMAIL]     -> Hộp thư sạch sẽ! Không có thư mới chưa đọc.
[2026-09-19 12:17:33] [BLANK] 
[2026-09-19 12:17:33] [INFO] ⏳ Nghỉ 15 giây trước lần quét tiếp theo...
[2026-09-19 12:17:33] [BLANK] 
[2026-09-19 12:17:45] [INFO] --- [CHU KỲ #86] ---
[2026-09-19 12:17:45] [BLANK] 
[2026-09-19 12:17:45] [EMAIL] [2026-09-19 12:17:45] 🔍 Đang quét hòm thư 'INBOX' tìm thư chưa đọc...
[2026-09-19 12:17:45] [BLANK] 
[2026-09-19 12:17:47] [EMAIL]     -> Hộp thư sạch sẽ! Không có thư mới chưa đọc.
[2026-09-19 12:17:47] [BLANK] 
[2026-09-19 12:17:48] [INFO] ⏳ Nghỉ 15 giây trước lần quét tiếp theo...
[2026-09-19 12:17:48] [BLANK] 
[2026-09-19 12:17:48] [INFO] --- [CHU KỲ #41] ---
[2026-09-19 12:17:48] [BLANK] 
[2026-09-19 12:17:48] [EMAIL] [2026-09-19 12:17:48] 🔍 Đang quét hòm thư 'INBOX' tìm thư chưa đọc...
[2026-09-19 12:17:48] [BLANK] 
[2026-09-19 12:17:50] [EMAIL]     -> Hộp thư sạch sẽ! Không có thư mới chưa đọc.
[2026-09-19 12:17:50] [BLANK] 
[2026-09-19 12:17:50] [INFO] ⏳ Nghỉ 15 giây trước lần quét tiếp theo...
[2026-09-19 12:17:50] [BLANK] 
[2026-09-19 12:18:03] [INFO] --- [CHU KỲ #87] ---
[2026-09-19 12:18:03] [BLANK] 
[2026-09-19 12:18:03] [EMAIL] [2026-09-19 12:18:03] 🔍 Đang quét hòm thư 'INBOX' tìm thư chưa đọc...
[2026-09-19 12:18:03] [BLANK] 
[2026-09-19 12:18:05] [EMAIL]     -> Hộp thư sạch sẽ! Không có thư mới chưa đọc.
[2026-09-19 12:18:05] [BLANK] 
[2026-09-19 12:18:05] [INFO] ⏳ Nghỉ 15 giây trước lần quét tiếp theo...
[2026-09-19 12:18:05] [BLANK] 
[2026-09-19 12:18:05] [INFO] --- [CHU KỲ #42] ---
[2026-09-19 12:18:05] [BLANK] 
[2026-09-19 12:18:05] [EMAIL] [2026-09-19 12:18:05] 🔍 Đang quét hòm thư 'INBOX' tìm thư chưa đọc...
[2026-09-19 12:18:05] [BLANK] 
[2026-09-19 12:18:08] [EMAIL]     -> Hộp thư sạch sẽ! Không có thư mới chưa đọc.
[2026-09-19 12:18:08] [BLANK] 
[2026-09-19 12:18:08] [INFO] ⏳ Nghỉ 15 giây trước lần quét tiếp theo...
[2026-09-19 12:18:08] [BLANK] 
[2026-09-19 12:18:20] [INFO] --- [CHU KỲ #88] ---
[2026-09-19 12:18:20] [BLANK] 
[2026-09-19 12:18:20] [EMAIL] [2026-09-19 12:18:20] 🔍 Đang quét hòm thư 'INBOX' tìm thư chưa đọc...
[2026-09-19 12:18:20] [BLANK] 
[2026-09-19 12:18:22] [EMAIL]     -> Hộp thư sạch sẽ! Không có thư mới chưa đọc.
[2026-09-19 12:18:22] [BLANK] 
[2026-09-19 12:18:22] [INFO] ⏳ Nghỉ 15 giây trước lần quét tiếp theo...
[2026-09-19 12:18:22] [BLANK] 
[2026-09-19 12:18:23] [INFO] --- [CHU KỲ #43] ---
[2026-09-19 12:18:23] [BLANK] 
[2026-09-19 12:18:23] [EMAIL] [2026-09-19 12:18:23] 🔍 Đang quét hòm thư 'INBOX' tìm thư chưa đọc...
[2026-09-19 12:18:23] [BLANK] 
[2026-09-19 12:18:25] [EMAIL]     -> Hộp thư sạch sẽ! Không có thư mới chưa đọc.
[2026-09-19 12:18:25] [BLANK] 
[2026-09-19 12:18:25] [INFO] ⏳ Nghỉ 15 giây trước lần quét tiếp theo...
[2026-09-19 12:18:25] [BLANK] 
[2026-09-19 12:18:38] [INFO] --- [CHU KỲ #89] ---
[2026-09-19 12:18:38] [BLANK] 
[2026-09-19 12:18:38] [EMAIL] [2026-09-19 12:18:38] 🔍 Đang quét hòm thư 'INBOX' tìm thư chưa đọc...
[2026-09-19 12:18:38] [BLANK] 
[2026-09-19 12:18:40] [EMAIL]     -> Hộp thư sạch sẽ! Không có thư mới chưa đọc.
[2026-09-19 12:18:40] [BLANK] 
[2026-09-19 12:18:40] [INFO] ⏳ Nghỉ 15 giây trước lần quét tiếp theo...
[2026-09-19 12:18:40] [BLANK] 
[2026-09-19 12:18:40] [INFO] --- [CHU KỲ #44] ---
[2026-09-19 12:18:40] [BLANK] 
[2026-09-19 12:18:40] [EMAIL] [2026-09-19 12:18:40] 🔍 Đang quét hòm thư 'INBOX' tìm thư chưa đọc...
[2026-09-19 12:18:40] [BLANK] 
[2026-09-19 12:18:42] [EMAIL]     -> Hộp thư sạch sẽ! Không có thư mới chưa đọc.
[2026-09-19 12:18:42] [BLANK] 
[2026-09-19 12:18:42] [INFO] ⏳ Nghỉ 15 giây trước lần quét tiếp theo...
[2026-09-19 12:18:42] [BLANK] 
[2026-09-19 12:18:55] [INFO] --- [CHU KỲ #90] ---
[2026-09-19 12:18:55] [BLANK] 
[2026-09-19 12:18:55] [EMAIL] [2026-09-19 12:18:55] 🔍 Đang quét hòm thư 'INBOX' tìm thư chưa đọc...
[2026-09-19 12:18:55] [BLANK] 
[2026-09-19 12:18:57] [EMAIL]     -> Hộp thư sạch sẽ! Không có thư mới chưa đọc.
[2026-09-19 12:18:57] [BLANK] 
[2026-09-19 12:18:57] [INFO] ⏳ Nghỉ 15 giây trước lần quét tiếp theo...
[2026-09-19 12:18:57] [BLANK] 
[2026-09-19 12:18:57] [INFO] --- [CHU KỲ #45] ---
[2026-09-19 12:18:57] [BLANK] 
[2026-09-19 12:18:57] [EMAIL] [2026-09-19 12:18:57] 🔍 Đang quét hòm thư 'INBOX' tìm thư chưa đọc...
[2026-09-19 12:18:57] [BLANK] 
[2026-09-19 12:19:00] [EMAIL]     -> Hộp thư sạch sẽ! Không có thư mới chưa đọc.
[2026-09-19 12:19:00] [BLANK] 
[2026-09-19 12:19:00] [INFO] ⏳ Nghỉ 15 giây trước lần quét tiếp theo...
[2026-09-19 12:19:00] [BLANK] 
[2026-09-19 12:19:12] [INFO] --- [CHU KỲ #91] ---
[2026-09-19 12:19:12] [BLANK] 
[2026-09-19 12:19:12] [EMAIL] [2026-09-19 12:19:12] 🔍 Đang quét hòm thư 'INBOX' tìm thư chưa đọc...
[2026-09-19 12:19:12] [BLANK] 
[2026-09-19 12:19:15] [INFO] --- [CHU KỲ #46] ---
[2026-09-19 12:19:15] [BLANK] 
[2026-09-19 12:19:15] [EMAIL] [2026-09-19 12:19:15] 🔍 Đang quét hòm thư 'INBOX' tìm thư chưa đọc...
[2026-09-19 12:19:15] [BLANK] 
[2026-09-19 12:19:15] [EMAIL]     -> Hộp thư sạch sẽ! Không có thư mới chưa đọc.
[2026-09-19 12:19:15] [BLANK] 
[2026-09-19 12:19:15] [INFO] ⏳ Nghỉ 15 giây trước lần quét tiếp theo...
[2026-09-19 12:19:15] [BLANK] 
[2026-09-19 12:19:19] [EMAIL]     -> Hộp thư sạch sẽ! Không có thư mới chưa đọc.
[2026-09-19 12:19:19] [BLANK] 
[2026-09-19 12:19:19] [INFO] ⏳ Nghỉ 15 giây trước lần quét tiếp theo...
[2026-09-19 12:19:19] [BLANK] 
[2026-09-19 12:19:30] [INFO] --- [CHU KỲ #92] ---
[2026-09-19 12:19:30] [BLANK] 
[2026-09-19 12:19:30] [EMAIL] [2026-09-19 12:19:30] 🔍 Đang quét hòm thư 'INBOX' tìm thư chưa đọc...
[2026-09-19 12:19:30] [BLANK] 
[2026-09-19 12:19:33] [EMAIL]     -> Hộp thư sạch sẽ! Không có thư mới chưa đọc.
[2026-09-19 12:19:33] [BLANK] 
[2026-09-19 12:19:33] [INFO] ⏳ Nghỉ 15 giây trước lần quét tiếp theo...
[2026-09-19 12:19:33] [BLANK] 
[2026-09-19 12:19:34] [INFO] --- [CHU KỲ #47] ---
[2026-09-19 12:19:34] [BLANK] 
[2026-09-19 12:19:34] [EMAIL] [2026-09-19 12:19:34] 🔍 Đang quét hòm thư 'INBOX' tìm thư chưa đọc...
[2026-09-19 12:19:34] [BLANK] 
[2026-09-19 12:19:36] [EMAIL]     -> Hộp thư sạch sẽ! Không có thư mới chưa đọc.
[2026-09-19 12:19:36] [BLANK] 
[2026-09-19 12:19:37] [INFO] ⏳ Nghỉ 15 giây trước lần quét tiếp theo...
[2026-09-19 12:19:37] [BLANK] 
[2026-09-19 12:19:48] [INFO] --- [CHU KỲ #93] ---
[2026-09-19 12:19:48] [BLANK] 
[2026-09-19 12:19:48] [EMAIL] [2026-09-19 12:19:48] 🔍 Đang quét hòm thư 'INBOX' tìm thư chưa đọc...
[2026-09-19 12:19:48] [BLANK] 
[2026-09-19 12:19:50] [EMAIL]     -> Hộp thư sạch sẽ! Không có thư mới chưa đọc.
[2026-09-19 12:19:50] [BLANK] 
[2026-09-19 12:19:50] [INFO] ⏳ Nghỉ 15 giây trước lần quét tiếp theo...
[2026-09-19 12:19:50] [BLANK] 
[2026-09-19 12:19:52] [INFO] --- [CHU KỲ #48] ---
[2026-09-19 12:19:52] [BLANK] 
[2026-09-19 12:19:52] [EMAIL] [2026-09-19 12:19:52] 🔍 Đang quét hòm thư 'INBOX' tìm thư chưa đọc...
[2026-09-19 12:19:52] [BLANK] 
[2026-09-19 12:19:54] [EMAIL]     -> Hộp thư sạch sẽ! Không có thư mới chưa đọc.
[2026-09-19 12:19:54] [BLANK] 
[2026-09-19 12:19:54] [INFO] ⏳ Nghỉ 15 giây trước lần quét tiếp theo...
[2026-09-19 12:19:54] [BLANK] 
[2026-09-19 12:20:05] [INFO] --- [CHU KỲ #94] ---
[2026-09-19 12:20:05] [BLANK] 
[2026-09-19 12:20:05] [EMAIL] [2026-09-19 12:20:05] 🔍 Đang quét hòm thư 'INBOX' tìm thư chưa đọc...
[2026-09-19 12:20:05] [BLANK] 
[2026-09-19 12:20:07] [EMAIL]     -> Hộp thư sạch sẽ! Không có thư mới chưa đọc.
[2026-09-19 12:20:07] [BLANK] 
[2026-09-19 12:20:07] [INFO] ⏳ Nghỉ 15 giây trước lần quét tiếp theo...
[2026-09-19 12:20:07] [BLANK] 
[2026-09-19 12:20:09] [INFO] --- [CHU KỲ #49] ---
[2026-09-19 12:20:09] [BLANK] 
[2026-09-19 12:20:09] [EMAIL] [2026-09-19 12:20:09] 🔍 Đang quét hòm thư 'INBOX' tìm thư chưa đọc...
[2026-09-19 12:20:09] [BLANK] 
[2026-09-19 12:20:11] [EMAIL]     -> Hộp thư sạch sẽ! Không có thư mới chưa đọc.
[2026-09-19 12:20:11] [BLANK] 
[2026-09-19 12:20:11] [INFO] ⏳ Nghỉ 15 giây trước lần quét tiếp theo...
[2026-09-19 12:20:11] [BLANK] 
[2026-09-19 12:20:23] [INFO] --- [CHU KỲ #95] ---
[2026-09-19 12:20:23] [BLANK] 
[2026-09-19 12:20:23] [EMAIL] [2026-09-19 12:20:23] 🔍 Đang quét hòm thư 'INBOX' tìm thư chưa đọc...
[2026-09-19 12:20:23] [BLANK] 
[2026-09-19 12:20:25] [EMAIL]     -> Hộp thư sạch sẽ! Không có thư mới chưa đọc.
[2026-09-19 12:20:25] [BLANK] 
[2026-09-19 12:20:25] [INFO] ⏳ Nghỉ 15 giây trước lần quét tiếp theo...
[2026-09-19 12:20:25] [BLANK] 
[2026-09-19 12:20:27] [INFO] --- [CHU KỲ #50] ---
[2026-09-19 12:20:27] [BLANK] 
[2026-09-19 12:20:27] [EMAIL] [2026-09-19 12:20:27] 🔍 Đang quét hòm thư 'INBOX' tìm thư chưa đọc...
[2026-09-19 12:20:27] [BLANK] 
[2026-09-19 12:20:30] [EMAIL]     -> Hộp thư sạch sẽ! Không có thư mới chưa đọc.
[2026-09-19 12:20:30] [BLANK] 
[2026-09-19 12:20:30] [INFO] ⏳ Nghỉ 15 giây trước lần quét tiếp theo...
[2026-09-19 12:20:30] [BLANK] 
[2026-09-19 12:20:40] [INFO] --- [CHU KỲ #96] ---
[2026-09-19 12:20:40] [BLANK] 
[2026-09-19 12:20:40] [EMAIL] [2026-09-19 12:20:40] 🔍 Đang quét hòm thư 'INBOX' tìm thư chưa đọc...
[2026-09-19 12:20:40] [BLANK] 
[2026-09-19 12:20:42] [EMAIL]     -> Hộp thư sạch sẽ! Không có thư mới chưa đọc.
[2026-09-19 12:20:42] [BLANK] 
[2026-09-19 12:20:42] [INFO] ⏳ Nghỉ 15 giây trước lần quét tiếp theo...
[2026-09-19 12:20:42] [BLANK] 
[2026-09-19 12:20:45] [INFO] --- [CHU KỲ #51] ---
[2026-09-19 12:20:45] [BLANK] 
[2026-09-19 12:20:45] [EMAIL] [2026-09-19 12:20:45] 🔍 Đang quét hòm thư 'INBOX' tìm thư chưa đọc...
[2026-09-19 12:20:45] [BLANK] 
[2026-09-19 12:20:47] [EMAIL]     -> Hộp thư sạch sẽ! Không có thư mới chưa đọc.
[2026-09-19 12:20:47] [BLANK] 
[2026-09-19 12:20:47] [INFO] ⏳ Nghỉ 15 giây trước lần quét tiếp theo...
[2026-09-19 12:20:47] [BLANK] 
[2026-09-19 12:20:57] [INFO] --- [CHU KỲ #97] ---
[2026-09-19 12:20:57] [BLANK] 
[2026-09-19 12:20:57] [EMAIL] [2026-09-19 12:20:57] 🔍 Đang quét hòm thư 'INBOX' tìm thư chưa đọc...
[2026-09-19 12:20:57] [BLANK] 
[2026-09-19 12:21:00] [EMAIL]     -> Hộp thư sạch sẽ! Không có thư mới chưa đọc.
[2026-09-19 12:21:00] [BLANK] 
[2026-09-19 12:21:00] [INFO] ⏳ Nghỉ 15 giây trước lần quét tiếp theo...
[2026-09-19 12:21:00] [BLANK] 
[2026-09-19 12:21:02] [INFO] --- [CHU KỲ #52] ---
[2026-09-19 12:21:02] [BLANK] 
[2026-09-19 12:21:02] [EMAIL] [2026-09-19 12:21:02] 🔍 Đang quét hòm thư 'INBOX' tìm thư chưa đọc...
[2026-09-19 12:21:02] [BLANK] 
[2026-09-19 12:21:05] [EMAIL]     -> Hộp thư sạch sẽ! Không có thư mới chưa đọc.
[2026-09-19 12:21:05] [BLANK] 
[2026-09-19 12:21:05] [INFO] ⏳ Nghỉ 15 giây trước lần quét tiếp theo...
[2026-09-19 12:21:05] [BLANK] 
[2026-09-19 12:21:15] [INFO] --- [CHU KỲ #98] ---
[2026-09-19 12:21:15] [BLANK] 
[2026-09-19 12:21:15] [EMAIL] [2026-09-19 12:21:15] 🔍 Đang quét hòm thư 'INBOX' tìm thư chưa đọc...
[2026-09-19 12:21:15] [BLANK] 
[2026-09-19 12:21:17] [EMAIL]     -> Hộp thư sạch sẽ! Không có thư mới chưa đọc.
[2026-09-19 12:21:17] [BLANK] 
[2026-09-19 12:21:17] [INFO] ⏳ Nghỉ 15 giây trước lần quét tiếp theo...
[2026-09-19 12:21:17] [BLANK] 
[2026-09-19 12:21:20] [INFO] --- [CHU KỲ #53] ---
[2026-09-19 12:21:20] [BLANK] 
[2026-09-19 12:21:20] [EMAIL] [2026-09-19 12:21:20] 🔍 Đang quét hòm thư 'INBOX' tìm thư chưa đọc...
[2026-09-19 12:21:20] [BLANK] 
[2026-09-19 12:21:22] [EMAIL]     -> Hộp thư sạch sẽ! Không có thư mới chưa đọc.
[2026-09-19 12:21:22] [BLANK] 
[2026-09-19 12:21:22] [INFO] ⏳ Nghỉ 15 giây trước lần quét tiếp theo...
[2026-09-19 12:21:22] [BLANK] 
[2026-09-19 12:21:32] [INFO] --- [CHU KỲ #99] ---
[2026-09-19 12:21:32] [BLANK] 
[2026-09-19 12:21:32] [EMAIL] [2026-09-19 12:21:32] 🔍 Đang quét hòm thư 'INBOX' tìm thư chưa đọc...
[2026-09-19 12:21:32] [BLANK] 
[2026-09-19 12:21:35] [EMAIL]     -> Hộp thư sạch sẽ! Không có thư mới chưa đọc.
[2026-09-19 12:21:35] [BLANK] 
[2026-09-19 12:21:35] [INFO] ⏳ Nghỉ 15 giây trước lần quét tiếp theo...
[2026-09-19 12:21:35] [BLANK] 
[2026-09-19 12:21:37] [INFO] --- [CHU KỲ #54] ---
[2026-09-19 12:21:37] [BLANK] 
[2026-09-19 12:21:37] [EMAIL] [2026-09-19 12:21:37] 🔍 Đang quét hòm thư 'INBOX' tìm thư chưa đọc...
[2026-09-19 12:21:37] [BLANK] 
[2026-09-19 12:21:40] [EMAIL]     -> Hộp thư sạch sẽ! Không có thư mới chưa đọc.
[2026-09-19 12:21:40] [BLANK] 
[2026-09-19 12:21:40] [INFO] ⏳ Nghỉ 15 giây trước lần quét tiếp theo...
[2026-09-19 12:21:40] [BLANK] 
[2026-09-19 12:21:50] [INFO] --- [CHU KỲ #100] ---
[2026-09-19 12:21:50] [BLANK] 
[2026-09-19 12:21:50] [EMAIL] [2026-09-19 12:21:50] 🔍 Đang quét hòm thư 'INBOX' tìm thư chưa đọc...
[2026-09-19 12:21:50] [BLANK] 
[2026-09-19 12:21:54] [EMAIL]     -> Hộp thư sạch sẽ! Không có thư mới chưa đọc.
[2026-09-19 12:21:54] [BLANK] 
[2026-09-19 12:21:54] [INFO] ⏳ Nghỉ 15 giây trước lần quét tiếp theo...
[2026-09-19 12:21:54] [BLANK] 
[2026-09-19 12:21:55] [INFO] --- [CHU KỲ #55] ---
[2026-09-19 12:21:55] [BLANK] 
[2026-09-19 12:21:55] [EMAIL] [2026-09-19 12:21:55] 🔍 Đang quét hòm thư 'INBOX' tìm thư chưa đọc...
[2026-09-19 12:21:55] [BLANK] 
[2026-09-19 12:21:58] [EMAIL]     -> Hộp thư sạch sẽ! Không có thư mới chưa đọc.
[2026-09-19 12:21:58] [BLANK] 
[2026-09-19 12:21:58] [INFO] ⏳ Nghỉ 15 giây trước lần quét tiếp theo...
[2026-09-19 12:21:58] [BLANK] 
[2026-09-19 12:22:09] [INFO] --- [CHU KỲ #101] ---
[2026-09-19 12:22:09] [BLANK] 
[2026-09-19 12:22:09] [EMAIL] [2026-09-19 12:22:09] 🔍 Đang quét hòm thư 'INBOX' tìm thư chưa đọc...
[2026-09-19 12:22:09] [BLANK] 
[2026-09-19 12:22:12] [EMAIL]     -> Hộp thư sạch sẽ! Không có thư mới chưa đọc.
[2026-09-19 12:22:12] [BLANK] 
[2026-09-19 12:22:12] [INFO] ⏳ Nghỉ 15 giây trước lần quét tiếp theo...
[2026-09-19 12:22:12] [BLANK] 
[2026-09-19 12:22:13] [INFO] --- [CHU KỲ #56] ---
[2026-09-19 12:22:13] [BLANK] 
[2026-09-19 12:22:13] [EMAIL] [2026-09-19 12:22:13] 🔍 Đang quét hòm thư 'INBOX' tìm thư chưa đọc...
[2026-09-19 12:22:13] [BLANK] 
[2026-09-19 12:22:16] [EMAIL]     -> Hộp thư sạch sẽ! Không có thư mới chưa đọc.
[2026-09-19 12:22:16] [BLANK] 
[2026-09-19 12:22:16] [INFO] ⏳ Nghỉ 15 giây trước lần quét tiếp theo...
[2026-09-19 12:22:16] [BLANK] 
[2026-09-19 12:22:27] [INFO] --- [CHU KỲ #102] ---
[2026-09-19 12:22:27] [BLANK] 
[2026-09-19 12:22:27] [EMAIL] [2026-09-19 12:22:27] 🔍 Đang quét hòm thư 'INBOX' tìm thư chưa đọc...
[2026-09-19 12:22:27] [BLANK] 
[2026-09-19 12:22:29] [EMAIL]     -> Hộp thư sạch sẽ! Không có thư mới chưa đọc.
[2026-09-19 12:22:29] [BLANK] 
[2026-09-19 12:22:29] [INFO] ⏳ Nghỉ 15 giây trước lần quét tiếp theo...
[2026-09-19 12:22:29] [BLANK] 
[2026-09-19 12:22:31] [INFO] --- [CHU KỲ #57] ---
[2026-09-19 12:22:31] [BLANK] 
[2026-09-19 12:22:31] [EMAIL] [2026-09-19 12:22:31] 🔍 Đang quét hòm thư 'INBOX' tìm thư chưa đọc...
[2026-09-19 12:22:31] [BLANK] 
[2026-09-19 12:22:33] [EMAIL]     -> Hộp thư sạch sẽ! Không có thư mới chưa đọc.
[2026-09-19 12:22:33] [BLANK] 
[2026-09-19 12:22:33] [INFO] ⏳ Nghỉ 15 giây trước lần quét tiếp theo...
[2026-09-19 12:22:33] [BLANK] 
[2026-09-19 12:22:44] [INFO] --- [CHU KỲ #103] ---
[2026-09-19 12:22:44] [BLANK] 
[2026-09-19 12:22:44] [EMAIL] [2026-09-19 12:22:44] 🔍 Đang quét hòm thư 'INBOX' tìm thư chưa đọc...
[2026-09-19 12:22:44] [BLANK] 
[2026-09-19 12:22:47] [EMAIL]     -> Hộp thư sạch sẽ! Không có thư mới chưa đọc.
[2026-09-19 12:22:47] [BLANK] 
[2026-09-19 12:22:47] [INFO] ⏳ Nghỉ 15 giây trước lần quét tiếp theo...
[2026-09-19 12:22:47] [BLANK] 
[2026-09-19 12:22:48] [INFO] --- [CHU KỲ #58] ---
[2026-09-19 12:22:48] [BLANK] 
[2026-09-19 12:22:48] [EMAIL] [2026-09-19 12:22:48] 🔍 Đang quét hòm thư 'INBOX' tìm thư chưa đọc...
[2026-09-19 12:22:48] [BLANK] 
[2026-09-19 12:22:51] [EMAIL]     -> Hộp thư sạch sẽ! Không có thư mới chưa đọc.
[2026-09-19 12:22:51] [BLANK] 
[2026-09-19 12:22:51] [INFO] ⏳ Nghỉ 15 giây trước lần quét tiếp theo...
[2026-09-19 12:22:51] [BLANK] 
[2026-09-19 12:23:02] [INFO] --- [CHU KỲ #104] ---
[2026-09-19 12:23:02] [BLANK] 
[2026-09-19 12:23:02] [EMAIL] [2026-09-19 12:23:02] 🔍 Đang quét hòm thư 'INBOX' tìm thư chưa đọc...
[2026-09-19 12:23:02] [BLANK] 
[2026-09-19 12:23:05] [EMAIL]     -> Hộp thư sạch sẽ! Không có thư mới chưa đọc.
[2026-09-19 12:23:05] [BLANK] 
[2026-09-19 12:23:05] [INFO] ⏳ Nghỉ 15 giây trước lần quét tiếp theo...
[2026-09-19 12:23:05] [BLANK] 
[2026-09-19 12:23:06] [INFO] --- [CHU KỲ #59] ---
[2026-09-19 12:23:06] [BLANK] 
[2026-09-19 12:23:06] [EMAIL] [2026-09-19 12:23:06] 🔍 Đang quét hòm thư 'INBOX' tìm thư chưa đọc...
[2026-09-19 12:23:06] [BLANK] 
[2026-09-19 12:23:09] [EMAIL]     -> Hộp thư sạch sẽ! Không có thư mới chưa đọc.
[2026-09-19 12:23:09] [BLANK] 
[2026-09-19 12:23:09] [INFO] ⏳ Nghỉ 15 giây trước lần quét tiếp theo...
[2026-09-19 12:23:09] [BLANK] 
[2026-09-19 12:23:20] [INFO] --- [CHU KỲ #105] ---
[2026-09-19 12:23:20] [BLANK] 
[2026-09-19 12:23:20] [EMAIL] [2026-09-19 12:23:20] 🔍 Đang quét hòm thư 'INBOX' tìm thư chưa đọc...
[2026-09-19 12:23:20] [BLANK] 
[2026-09-19 12:23:23] [EMAIL]     -> Hộp thư sạch sẽ! Không có thư mới chưa đọc.
[2026-09-19 12:23:23] [BLANK] 
[2026-09-19 12:23:23] [INFO] ⏳ Nghỉ 15 giây trước lần quét tiếp theo...
[2026-09-19 12:23:23] [BLANK] 
[2026-09-19 12:23:24] [INFO] --- [CHU KỲ #60] ---
[2026-09-19 12:23:24] [BLANK] 
[2026-09-19 12:23:24] [EMAIL] [2026-09-19 12:23:24] 🔍 Đang quét hòm thư 'INBOX' tìm thư chưa đọc...
[2026-09-19 12:23:24] [BLANK] 
[2026-09-19 12:23:27] [EMAIL]     -> Hộp thư sạch sẽ! Không có thư mới chưa đọc.
[2026-09-19 12:23:27] [BLANK] 
[2026-09-19 12:23:27] [INFO] ⏳ Nghỉ 15 giây trước lần quét tiếp theo...
[2026-09-19 12:23:27] [BLANK] 
[2026-09-19 12:23:38] [INFO] --- [CHU KỲ #106] ---
[2026-09-19 12:23:38] [BLANK] 
[2026-09-19 12:23:38] [EMAIL] [2026-09-19 12:23:38] 🔍 Đang quét hòm thư 'INBOX' tìm thư chưa đọc...
[2026-09-19 12:23:38] [BLANK] 
[2026-09-19 12:23:40] [EMAIL]     -> Hộp thư sạch sẽ! Không có thư mới chưa đọc.
[2026-09-19 12:23:40] [BLANK] 
[2026-09-19 12:23:41] [INFO] ⏳ Nghỉ 15 giây trước lần quét tiếp theo...
[2026-09-19 12:23:41] [BLANK] 
[2026-09-19 12:23:43] [INFO] --- [CHU KỲ #61] ---
[2026-09-19 12:23:43] [BLANK] 
[2026-09-19 12:23:43] [EMAIL] [2026-09-19 12:23:43] 🔍 Đang quét hòm thư 'INBOX' tìm thư chưa đọc...
[2026-09-19 12:23:43] [BLANK] 
[2026-09-19 12:23:47] [EMAIL]     -> Hộp thư sạch sẽ! Không có thư mới chưa đọc.
[2026-09-19 12:23:47] [BLANK] 
[2026-09-19 12:23:47] [INFO] ⏳ Nghỉ 15 giây trước lần quét tiếp theo...
[2026-09-19 12:23:47] [BLANK] 
[2026-09-19 12:23:56] [INFO] --- [CHU KỲ #107] ---
[2026-09-19 12:23:56] [BLANK] 
[2026-09-19 12:23:56] [EMAIL] [2026-09-19 12:23:56] 🔍 Đang quét hòm thư 'INBOX' tìm thư chưa đọc...
[2026-09-19 12:23:56] [BLANK] 
[2026-09-19 12:23:58] [EMAIL]     -> Hộp thư sạch sẽ! Không có thư mới chưa đọc.
[2026-09-19 12:23:58] [BLANK] 
[2026-09-19 12:23:58] [INFO] ⏳ Nghỉ 15 giây trước lần quét tiếp theo...
[2026-09-19 12:23:58] [BLANK] 
[2026-09-19 12:24:02] [INFO] --- [CHU KỲ #62] ---
[2026-09-19 12:24:02] [BLANK] 
[2026-09-19 12:24:02] [EMAIL] [2026-09-19 12:24:02] 🔍 Đang quét hòm thư 'INBOX' tìm thư chưa đọc...
[2026-09-19 12:24:02] [BLANK] 
[2026-09-19 12:24:06] [EMAIL]     -> Hộp thư sạch sẽ! Không có thư mới chưa đọc.
[2026-09-19 12:24:06] [BLANK] 
[2026-09-19 12:24:06] [INFO] ⏳ Nghỉ 15 giây trước lần quét tiếp theo...
[2026-09-19 12:24:06] [BLANK] 
[2026-09-19 12:24:13] [INFO] --- [CHU KỲ #108] ---
[2026-09-19 12:24:13] [BLANK] 
[2026-09-19 12:24:13] [EMAIL] [2026-09-19 12:24:13] 🔍 Đang quét hòm thư 'INBOX' tìm thư chưa đọc...
[2026-09-19 12:24:13] [BLANK] 
[2026-09-19 12:24:16] [EMAIL]     -> Hộp thư sạch sẽ! Không có thư mới chưa đọc.
[2026-09-19 12:24:16] [BLANK] 
[2026-09-19 12:24:16] [INFO] ⏳ Nghỉ 15 giây trước lần quét tiếp theo...
[2026-09-19 12:24:16] [BLANK] 
[2026-09-19 12:24:21] [INFO] --- [CHU KỲ #63] ---
[2026-09-19 12:24:21] [BLANK] 
[2026-09-19 12:24:21] [EMAIL] [2026-09-19 12:24:21] 🔍 Đang quét hòm thư 'INBOX' tìm thư chưa đọc...
[2026-09-19 12:24:21] [BLANK] 
[2026-09-19 12:24:24] [EMAIL]     -> Hộp thư sạch sẽ! Không có thư mới chưa đọc.
[2026-09-19 12:24:24] [BLANK] 
[2026-09-19 12:24:24] [INFO] ⏳ Nghỉ 15 giây trước lần quét tiếp theo...
[2026-09-19 12:24:24] [BLANK] 
[2026-09-19 12:24:31] [INFO] --- [CHU KỲ #109] ---
[2026-09-19 12:24:31] [BLANK] 
[2026-09-19 12:24:31] [EMAIL] [2026-09-19 12:24:31] 🔍 Đang quét hòm thư 'INBOX' tìm thư chưa đọc...
[2026-09-19 12:24:31] [BLANK] 
[2026-09-19 12:24:33] [EMAIL]     -> Hộp thư sạch sẽ! Không có thư mới chưa đọc.
[2026-09-19 12:24:33] [BLANK] 
[2026-09-19 12:24:34] [INFO] ⏳ Nghỉ 15 giây trước lần quét tiếp theo...
[2026-09-19 12:24:34] [BLANK] 
[2026-09-19 12:24:39] [INFO] --- [CHU KỲ #64] ---
[2026-09-19 12:24:39] [BLANK] 
[2026-09-19 12:24:39] [EMAIL] [2026-09-19 12:24:39] 🔍 Đang quét hòm thư 'INBOX' tìm thư chưa đọc...
[2026-09-19 12:24:39] [BLANK] 
[2026-09-19 12:24:42] [EMAIL]     -> Hộp thư sạch sẽ! Không có thư mới chưa đọc.
[2026-09-19 12:24:42] [BLANK] 
[2026-09-19 12:24:42] [INFO] ⏳ Nghỉ 15 giây trước lần quét tiếp theo...
[2026-09-19 12:24:42] [BLANK] 
[2026-09-19 12:24:49] [INFO] --- [CHU KỲ #110] ---
[2026-09-19 12:24:49] [BLANK] 
[2026-09-19 12:24:49] [EMAIL] [2026-09-19 12:24:49] 🔍 Đang quét hòm thư 'INBOX' tìm thư chưa đọc...
[2026-09-19 12:24:49] [BLANK] 
[2026-09-19 12:24:52] [EMAIL]     -> Hộp thư sạch sẽ! Không có thư mới chưa đọc.
[2026-09-19 12:24:52] [BLANK] 
[2026-09-19 12:24:52] [INFO] ⏳ Nghỉ 15 giây trước lần quét tiếp theo...
[2026-09-19 12:24:52] [BLANK] 
[2026-09-19 12:24:57] [INFO] --- [CHU KỲ #65] ---
[2026-09-19 12:24:57] [BLANK] 
[2026-09-19 12:24:57] [EMAIL] [2026-09-19 12:24:57] 🔍 Đang quét hòm thư 'INBOX' tìm thư chưa đọc...
[2026-09-19 12:24:57] [BLANK] 
[2026-09-19 12:25:01] [EMAIL]     -> Hộp thư sạch sẽ! Không có thư mới chưa đọc.
[2026-09-19 12:25:01] [BLANK] 
[2026-09-19 12:25:01] [INFO] ⏳ Nghỉ 15 giây trước lần quét tiếp theo...
[2026-09-19 12:25:01] [BLANK] 
[2026-09-19 12:25:07] [INFO] --- [CHU KỲ #111] ---
[2026-09-19 12:25:07] [BLANK] 
[2026-09-19 12:25:07] [EMAIL] [2026-09-19 12:25:07] 🔍 Đang quét hòm thư 'INBOX' tìm thư chưa đọc...
[2026-09-19 12:25:07] [BLANK] 
[2026-09-19 12:25:16] [INFO] --- [CHU KỲ #66] ---
[2026-09-19 12:25:16] [BLANK] 
[2026-09-19 12:25:16] [EMAIL] [2026-09-19 12:25:16] 🔍 Đang quét hòm thư 'INBOX' tìm thư chưa đọc...
[2026-09-19 12:25:16] [BLANK] 
[2026-09-19 12:25:18] [EMAIL]     -> Hộp thư sạch sẽ! Không có thư mới chưa đọc.
[2026-09-19 12:25:18] [BLANK] 
[2026-09-19 12:25:18] [INFO] ⏳ Nghỉ 15 giây trước lần quét tiếp theo...
[2026-09-19 12:25:18] [BLANK] 
[2026-09-19 12:25:18] [EMAIL]     -> Hộp thư sạch sẽ! Không có thư mới chưa đọc.
[2026-09-19 12:25:18] [BLANK] 
[2026-09-19 12:25:18] [INFO] ⏳ Nghỉ 15 giây trước lần quét tiếp theo...
[2026-09-19 12:25:18] [BLANK] 
[2026-09-19 12:25:33] [INFO] --- [CHU KỲ #112] ---
[2026-09-19 12:25:33] [BLANK] 
[2026-09-19 12:25:33] [EMAIL] [2026-09-19 12:25:33] 🔍 Đang quét hòm thư 'INBOX' tìm thư chưa đọc...
[2026-09-19 12:25:33] [BLANK] 
[2026-09-19 12:25:34] [INFO] --- [CHU KỲ #67] ---
[2026-09-19 12:25:34] [BLANK] 
[2026-09-19 12:25:34] [EMAIL] [2026-09-19 12:25:34] 🔍 Đang quét hòm thư 'INBOX' tìm thư chưa đọc...
[2026-09-19 12:25:34] [BLANK] 
[2026-09-19 12:25:36] [EMAIL]     -> Hộp thư sạch sẽ! Không có thư mới chưa đọc.
[2026-09-19 12:25:36] [BLANK] 
[2026-09-19 12:25:36] [INFO] ⏳ Nghỉ 15 giây trước lần quét tiếp theo...
[2026-09-19 12:25:36] [BLANK] 
[2026-09-19 12:25:36] [EMAIL]     -> Hộp thư sạch sẽ! Không có thư mới chưa đọc.
[2026-09-19 12:25:36] [BLANK] 
[2026-09-19 12:25:36] [INFO] ⏳ Nghỉ 15 giây trước lần quét tiếp theo...
[2026-09-19 12:25:36] [BLANK] 
[2026-09-19 12:25:51] [INFO] --- [CHU KỲ #113] ---
[2026-09-19 12:25:51] [BLANK] 
[2026-09-19 12:25:51] [EMAIL] [2026-09-19 12:25:51] 🔍 Đang quét hòm thư 'INBOX' tìm thư chưa đọc...
[2026-09-19 12:25:51] [BLANK] 
[2026-09-19 12:25:51] [INFO] --- [CHU KỲ #68] ---
[2026-09-19 12:25:51] [BLANK] 
[2026-09-19 12:25:51] [EMAIL] [2026-09-19 12:25:51] 🔍 Đang quét hòm thư 'INBOX' tìm thư chưa đọc...
[2026-09-19 12:25:51] [BLANK] 
[2026-09-19 12:25:53] [EMAIL]     -> Hộp thư sạch sẽ! Không có thư mới chưa đọc.
[2026-09-19 12:25:53] [BLANK] 
[2026-09-19 12:25:53] [INFO] ⏳ Nghỉ 15 giây trước lần quét tiếp theo...
[2026-09-19 12:25:53] [BLANK] 
[2026-09-19 12:25:54] [EMAIL]     -> Hộp thư sạch sẽ! Không có thư mới chưa đọc.
[2026-09-19 12:25:54] [BLANK] 
[2026-09-19 12:25:54] [INFO] ⏳ Nghỉ 15 giây trước lần quét tiếp theo...
[2026-09-19 12:25:54] [BLANK] 
[2026-09-19 12:26:08] [INFO] --- [CHU KỲ #114] ---
[2026-09-19 12:26:08] [BLANK] 
[2026-09-19 12:26:08] [EMAIL] [2026-09-19 12:26:08] 🔍 Đang quét hòm thư 'INBOX' tìm thư chưa đọc...
[2026-09-19 12:26:08] [BLANK] 
[2026-09-19 12:26:09] [INFO] --- [CHU KỲ #69] ---
[2026-09-19 12:26:09] [BLANK] 
[2026-09-19 12:26:09] [EMAIL] [2026-09-19 12:26:09] 🔍 Đang quét hòm thư 'INBOX' tìm thư chưa đọc...
[2026-09-19 12:26:09] [BLANK] 
[2026-09-19 12:26:11] [EMAIL]     -> Hộp thư sạch sẽ! Không có thư mới chưa đọc.
[2026-09-19 12:26:11] [BLANK] 
[2026-09-19 12:26:11] [INFO] ⏳ Nghỉ 15 giây trước lần quét tiếp theo...
[2026-09-19 12:26:11] [BLANK] 
[2026-09-19 12:26:12] [EMAIL]     -> Hộp thư sạch sẽ! Không có thư mới chưa đọc.
[2026-09-19 12:26:12] [BLANK] 
[2026-09-19 12:26:12] [INFO] ⏳ Nghỉ 15 giây trước lần quét tiếp theo...
[2026-09-19 12:26:12] [BLANK] 
[2026-09-19 12:26:26] [INFO] --- [CHU KỲ #115] ---
[2026-09-19 12:26:26] [BLANK] 
[2026-09-19 12:26:26] [EMAIL] [2026-09-19 12:26:26] 🔍 Đang quét hòm thư 'INBOX' tìm thư chưa đọc...
[2026-09-19 12:26:26] [BLANK] 
[2026-09-19 12:26:27] [INFO] --- [CHU KỲ #70] ---
[2026-09-19 12:26:27] [BLANK] 
[2026-09-19 12:26:27] [EMAIL] [2026-09-19 12:26:27] 🔍 Đang quét hòm thư 'INBOX' tìm thư chưa đọc...
[2026-09-19 12:26:27] [BLANK] 
[2026-09-19 12:26:29] [EMAIL]     -> Hộp thư sạch sẽ! Không có thư mới chưa đọc.
[2026-09-19 12:26:29] [BLANK] 
[2026-09-19 12:26:29] [INFO] ⏳ Nghỉ 15 giây trước lần quét tiếp theo...
[2026-09-19 12:26:29] [BLANK] 
[2026-09-19 12:26:30] [EMAIL]     -> Hộp thư sạch sẽ! Không có thư mới chưa đọc.
[2026-09-19 12:26:30] [BLANK] 
[2026-09-19 12:26:30] [INFO] ⏳ Nghỉ 15 giây trước lần quét tiếp theo...
[2026-09-19 12:26:30] [BLANK] 
[2026-09-19 12:26:44] [INFO] --- [CHU KỲ #116] ---
[2026-09-19 12:26:44] [BLANK] 
[2026-09-19 12:26:44] [EMAIL] [2026-09-19 12:26:44] 🔍 Đang quét hòm thư 'INBOX' tìm thư chưa đọc...
[2026-09-19 12:26:44] [BLANK] 
[2026-09-19 12:26:45] [INFO] --- [CHU KỲ #71] ---
[2026-09-19 12:26:45] [BLANK] 
[2026-09-19 12:26:45] [EMAIL] [2026-09-19 12:26:45] 🔍 Đang quét hòm thư 'INBOX' tìm thư chưa đọc...
[2026-09-19 12:26:45] [BLANK] 
[2026-09-19 12:26:47] [EMAIL]     -> Hộp thư sạch sẽ! Không có thư mới chưa đọc.
[2026-09-19 12:26:47] [BLANK] 
[2026-09-19 12:26:47] [INFO] ⏳ Nghỉ 15 giây trước lần quét tiếp theo...
[2026-09-19 12:26:47] [BLANK] 
[2026-09-19 12:26:48] [EMAIL]     -> Hộp thư sạch sẽ! Không có thư mới chưa đọc.
[2026-09-19 12:26:48] [BLANK] 
[2026-09-19 12:26:48] [INFO] ⏳ Nghỉ 15 giây trước lần quét tiếp theo...
[2026-09-19 12:26:48] [BLANK] 
[2026-09-19 12:27:02] [INFO] --- [CHU KỲ #117] ---
[2026-09-19 12:27:02] [BLANK] 
[2026-09-19 12:27:02] [EMAIL] [2026-09-19 12:27:02] 🔍 Đang quét hòm thư 'INBOX' tìm thư chưa đọc...
[2026-09-19 12:27:02] [BLANK] 
[2026-09-19 12:27:03] [INFO] --- [CHU KỲ #72] ---
[2026-09-19 12:27:03] [BLANK] 
[2026-09-19 12:27:03] [EMAIL] [2026-09-19 12:27:03] 🔍 Đang quét hòm thư 'INBOX' tìm thư chưa đọc...
[2026-09-19 12:27:03] [BLANK] 
[2026-09-19 12:27:05] [EMAIL]     -> Hộp thư sạch sẽ! Không có thư mới chưa đọc.
[2026-09-19 12:27:05] [BLANK] 
[2026-09-19 12:27:05] [INFO] ⏳ Nghỉ 15 giây trước lần quét tiếp theo...
[2026-09-19 12:27:05] [BLANK] 
[2026-09-19 12:27:06] [EMAIL]     -> Hộp thư sạch sẽ! Không có thư mới chưa đọc.
[2026-09-19 12:27:06] [BLANK] 
[2026-09-19 12:27:06] [INFO] ⏳ Nghỉ 15 giây trước lần quét tiếp theo...
[2026-09-19 12:27:06] [BLANK] 
[2026-09-19 12:27:20] [INFO] --- [CHU KỲ #118] ---
[2026-09-19 12:27:20] [BLANK] 
[2026-09-19 12:27:20] [EMAIL] [2026-09-19 12:27:20] 🔍 Đang quét hòm thư 'INBOX' tìm thư chưa đọc...
[2026-09-19 12:27:20] [BLANK] 
[2026-09-19 12:27:21] [INFO] --- [CHU KỲ #73] ---
[2026-09-19 12:27:21] [BLANK] 
[2026-09-19 12:27:21] [EMAIL] [2026-09-19 12:27:21] 🔍 Đang quét hòm thư 'INBOX' tìm thư chưa đọc...
[2026-09-19 12:27:21] [BLANK] 
[2026-09-19 12:27:23] [EMAIL]     -> Hộp thư sạch sẽ! Không có thư mới chưa đọc.
[2026-09-19 12:27:23] [BLANK] 
[2026-09-19 12:27:23] [INFO] ⏳ Nghỉ 15 giây trước lần quét tiếp theo...
[2026-09-19 12:27:23] [BLANK] 
[2026-09-19 12:27:23] [EMAIL]     -> Hộp thư sạch sẽ! Không có thư mới chưa đọc.
[2026-09-19 12:27:23] [BLANK] 
[2026-09-19 12:27:23] [INFO] ⏳ Nghỉ 15 giây trước lần quét tiếp theo...
[2026-09-19 12:27:23] [BLANK] 
[2026-09-19 12:27:38] [INFO] --- [CHU KỲ #119] ---
[2026-09-19 12:27:38] [BLANK] 
[2026-09-19 12:27:38] [EMAIL] [2026-09-19 12:27:38] 🔍 Đang quét hòm thư 'INBOX' tìm thư chưa đọc...
[2026-09-19 12:27:38] [BLANK] 
[2026-09-19 12:27:39] [INFO] --- [CHU KỲ #74] ---
[2026-09-19 12:27:39] [BLANK] 
[2026-09-19 12:27:39] [EMAIL] [2026-09-19 12:27:39] 🔍 Đang quét hòm thư 'INBOX' tìm thư chưa đọc...
[2026-09-19 12:27:39] [BLANK] 
[2026-09-19 12:27:42] [EMAIL]     -> Hộp thư sạch sẽ! Không có thư mới chưa đọc.
[2026-09-19 12:27:42] [BLANK] 
[2026-09-19 12:27:42] [INFO] ⏳ Nghỉ 15 giây trước lần quét tiếp theo...
[2026-09-19 12:27:42] [BLANK] 
[2026-09-19 12:27:42] [EMAIL]     -> Hộp thư sạch sẽ! Không có thư mới chưa đọc.
[2026-09-19 12:27:42] [BLANK] 
[2026-09-19 12:27:42] [INFO] ⏳ Nghỉ 15 giây trước lần quét tiếp theo...
[2026-09-19 12:27:42] [BLANK] 
[2026-09-19 12:27:57] [INFO] --- [CHU KỲ #120] ---
[2026-09-19 12:27:57] [BLANK] 
[2026-09-19 12:27:57] [EMAIL] [2026-09-19 12:27:57] 🔍 Đang quét hòm thư 'INBOX' tìm thư chưa đọc...
[2026-09-19 12:27:57] [BLANK] 
[2026-09-19 12:27:57] [INFO] --- [CHU KỲ #75] ---
[2026-09-19 12:27:57] [BLANK] 
[2026-09-19 12:27:57] [EMAIL] [2026-09-19 12:27:57] 🔍 Đang quét hòm thư 'INBOX' tìm thư chưa đọc...
[2026-09-19 12:27:57] [BLANK] 
[2026-09-19 12:28:00] [EMAIL]     -> Hộp thư sạch sẽ! Không có thư mới chưa đọc.
[2026-09-19 12:28:00] [BLANK] 
[2026-09-19 12:28:00] [EMAIL]     -> Hộp thư sạch sẽ! Không có thư mới chưa đọc.
[2026-09-19 12:28:00] [INFO] ⏳ Nghỉ 15 giây trước lần quét tiếp theo...
[2026-09-19 12:28:00] [BLANK] 
[2026-09-19 12:28:00] [BLANK] 
[2026-09-19 12:28:00] [INFO] ⏳ Nghỉ 15 giây trước lần quét tiếp theo...
[2026-09-19 12:28:00] [BLANK] 
[2026-09-19 12:28:15] [INFO] --- [CHU KỲ #76] ---
[2026-09-19 12:28:15] [BLANK] 
[2026-09-19 12:28:15] [EMAIL] [2026-09-19 12:28:15] 🔍 Đang quét hòm thư 'INBOX' tìm thư chưa đọc...
[2026-09-19 12:28:15] [BLANK] 
[2026-09-19 12:28:15] [INFO] --- [CHU KỲ #121] ---
[2026-09-19 12:28:15] [BLANK] 
[2026-09-19 12:28:15] [EMAIL] [2026-09-19 12:28:15] 🔍 Đang quét hòm thư 'INBOX' tìm thư chưa đọc...
[2026-09-19 12:28:15] [BLANK] 
[2026-09-19 12:28:18] [EMAIL]     -> Hộp thư sạch sẽ! Không có thư mới chưa đọc.
[2026-09-19 12:28:18] [BLANK] 
[2026-09-19 12:28:18] [INFO] ⏳ Nghỉ 15 giây trước lần quét tiếp theo...
[2026-09-19 12:28:18] [BLANK] 
[2026-09-19 12:28:18] [EMAIL]     -> Hộp thư sạch sẽ! Không có thư mới chưa đọc.
[2026-09-19 12:28:18] [BLANK] 
[2026-09-19 12:28:18] [INFO] ⏳ Nghỉ 15 giây trước lần quét tiếp theo...
[2026-09-19 12:28:18] [BLANK] 
[2026-09-19 12:28:33] [INFO] --- [CHU KỲ #77] ---
[2026-09-19 12:28:33] [BLANK] 
[2026-09-19 12:28:33] [EMAIL] [2026-09-19 12:28:33] 🔍 Đang quét hòm thư 'INBOX' tìm thư chưa đọc...
[2026-09-19 12:28:33] [BLANK] 
[2026-09-19 12:28:33] [INFO] --- [CHU KỲ #122] ---
[2026-09-19 12:28:33] [BLANK] 
[2026-09-19 12:28:33] [EMAIL] [2026-09-19 12:28:33] 🔍 Đang quét hòm thư 'INBOX' tìm thư chưa đọc...
[2026-09-19 12:28:33] [BLANK] 
[2026-09-19 12:28:35] [EMAIL]     -> Hộp thư sạch sẽ! Không có thư mới chưa đọc.
[2026-09-19 12:28:35] [BLANK] 
[2026-09-19 12:28:35] [INFO] ⏳ Nghỉ 15 giây trước lần quét tiếp theo...
[2026-09-19 12:28:35] [BLANK] 
[2026-09-19 12:28:35] [EMAIL]     -> Hộp thư sạch sẽ! Không có thư mới chưa đọc.
[2026-09-19 12:28:35] [BLANK] 
[2026-09-19 12:28:36] [INFO] ⏳ Nghỉ 15 giây trước lần quét tiếp theo...
[2026-09-19 12:28:36] [BLANK] 
[2026-09-19 12:28:51] [INFO] --- [CHU KỲ #78] ---
[2026-09-19 12:28:51] [BLANK] 
[2026-09-19 12:28:51] [EMAIL] [2026-09-19 12:28:51] 🔍 Đang quét hòm thư 'INBOX' tìm thư chưa đọc...
[2026-09-19 12:28:51] [BLANK] 
[2026-09-19 12:28:51] [INFO] --- [CHU KỲ #123] ---
[2026-09-19 12:28:51] [BLANK] 
[2026-09-19 12:28:51] [EMAIL] [2026-09-19 12:28:51] 🔍 Đang quét hòm thư 'INBOX' tìm thư chưa đọc...
[2026-09-19 12:28:51] [BLANK] 
[2026-09-19 12:28:53] [EMAIL]     -> Hộp thư sạch sẽ! Không có thư mới chưa đọc.
[2026-09-19 12:28:53] [BLANK] 
[2026-09-19 12:28:53] [EMAIL]     -> Hộp thư sạch sẽ! Không có thư mới chưa đọc.
[2026-09-19 12:28:53] [BLANK] 
[2026-09-19 12:28:53] [INFO] ⏳ Nghỉ 15 giây trước lần quét tiếp theo...
[2026-09-19 12:28:53] [BLANK] 
[2026-09-19 12:28:53] [INFO] ⏳ Nghỉ 15 giây trước lần quét tiếp theo...
[2026-09-19 12:28:53] [BLANK] 
[2026-09-19 12:29:09] [INFO] --- [CHU KỲ #79] ---
[2026-09-19 12:29:09] [BLANK] 
[2026-09-19 12:29:09] [EMAIL] [2026-09-19 12:29:09] 🔍 Đang quét hòm thư 'INBOX' tìm thư chưa đọc...
[2026-09-19 12:29:09] [BLANK] 
[2026-09-19 12:29:09] [INFO] --- [CHU KỲ #124] ---
[2026-09-19 12:29:09] [BLANK] 
[2026-09-19 12:29:09] [EMAIL] [2026-09-19 12:29:09] 🔍 Đang quét hòm thư 'INBOX' tìm thư chưa đọc...
[2026-09-19 12:29:09] [BLANK] 
[2026-09-19 12:29:12] [EMAIL]     -> Hộp thư sạch sẽ! Không có thư mới chưa đọc.
[2026-09-19 12:29:12] [BLANK] 
[2026-09-19 12:29:12] [INFO] ⏳ Nghỉ 15 giây trước lần quét tiếp theo...
[2026-09-19 12:29:12] [BLANK] 
[2026-09-19 12:29:12] [EMAIL]     -> Hộp thư sạch sẽ! Không có thư mới chưa đọc.
[2026-09-19 12:29:12] [BLANK] 
[2026-09-19 12:29:12] [INFO] ⏳ Nghỉ 15 giây trước lần quét tiếp theo...
[2026-09-19 12:29:12] [BLANK] 
[2026-09-19 12:29:27] [INFO] --- [CHU KỲ #80] ---
[2026-09-19 12:29:27] [BLANK] 
[2026-09-19 12:29:27] [EMAIL] [2026-09-19 12:29:27] 🔍 Đang quét hòm thư 'INBOX' tìm thư chưa đọc...
[2026-09-19 12:29:27] [BLANK] 
[2026-09-19 12:29:27] [INFO] --- [CHU KỲ #125] ---
[2026-09-19 12:29:27] [BLANK] 
[2026-09-19 12:29:27] [EMAIL] [2026-09-19 12:29:27] 🔍 Đang quét hòm thư 'INBOX' tìm thư chưa đọc...
[2026-09-19 12:29:27] [BLANK] 
[2026-09-19 12:29:30] [EMAIL]     -> Hộp thư sạch sẽ! Không có thư mới chưa đọc.
[2026-09-19 12:29:30] [BLANK] 
[2026-09-19 12:29:30] [INFO] ⏳ Nghỉ 15 giây trước lần quét tiếp theo...
[2026-09-19 12:29:30] [BLANK] 
[2026-09-19 12:29:31] [EMAIL]     -> Hộp thư sạch sẽ! Không có thư mới chưa đọc.
[2026-09-19 12:29:31] [BLANK] 
[2026-09-19 12:29:31] [INFO] ⏳ Nghỉ 15 giây trước lần quét tiếp theo...
[2026-09-19 12:29:31] [BLANK] 
[2026-09-19 12:29:45] [INFO] --- [CHU KỲ #126] ---
[2026-09-19 12:29:45] [BLANK] 
[2026-09-19 12:29:45] [EMAIL] [2026-09-19 12:29:45] 🔍 Đang quét hòm thư 'INBOX' tìm thư chưa đọc...
[2026-09-19 12:29:45] [BLANK] 
[2026-09-19 12:29:46] [INFO] --- [CHU KỲ #81] ---
[2026-09-19 12:29:46] [BLANK] 
[2026-09-19 12:29:46] [EMAIL] [2026-09-19 12:29:46] 🔍 Đang quét hòm thư 'INBOX' tìm thư chưa đọc...
[2026-09-19 12:29:46] [BLANK] 
[2026-09-19 12:29:48] [EMAIL]     -> Hộp thư sạch sẽ! Không có thư mới chưa đọc.
[2026-09-19 12:29:48] [BLANK] 
[2026-09-19 12:29:48] [INFO] ⏳ Nghỉ 15 giây trước lần quét tiếp theo...
[2026-09-19 12:29:48] [BLANK] 
[2026-09-19 12:29:48] [EMAIL]     -> Hộp thư sạch sẽ! Không có thư mới chưa đọc.
[2026-09-19 12:29:48] [BLANK] 
[2026-09-19 12:29:48] [INFO] ⏳ Nghỉ 15 giây trước lần quét tiếp theo...
[2026-09-19 12:29:48] [BLANK] 
[2026-09-19 12:30:03] [INFO] --- [CHU KỲ #127] ---
[2026-09-19 12:30:03] [BLANK] 
[2026-09-19 12:30:03] [EMAIL] [2026-09-19 12:30:03] 🔍 Đang quét hòm thư 'INBOX' tìm thư chưa đọc...
[2026-09-19 12:30:03] [BLANK] 
[2026-09-19 12:30:03] [INFO] --- [CHU KỲ #82] ---
[2026-09-19 12:30:03] [BLANK] 
[2026-09-19 12:30:03] [EMAIL] [2026-09-19 12:30:03] 🔍 Đang quét hòm thư 'INBOX' tìm thư chưa đọc...
[2026-09-19 12:30:03] [BLANK] 
[2026-09-19 12:30:07] [EMAIL]     -> Hộp thư sạch sẽ! Không có thư mới chưa đọc.
[2026-09-19 12:30:07] [BLANK] 
[2026-09-19 12:30:07] [INFO] ⏳ Nghỉ 15 giây trước lần quét tiếp theo...
[2026-09-19 12:30:07] [BLANK] 
[2026-09-19 12:30:08] [EMAIL]     -> Hộp thư sạch sẽ! Không có thư mới chưa đọc.
[2026-09-19 12:30:08] [BLANK] 
[2026-09-19 12:30:08] [INFO] ⏳ Nghỉ 15 giây trước lần quét tiếp theo...
[2026-09-19 12:30:08] [BLANK] 
[2026-09-19 12:30:22] [INFO] --- [CHU KỲ #83] ---
[2026-09-19 12:30:22] [BLANK] 
[2026-09-19 12:30:22] [EMAIL] [2026-09-19 12:30:22] 🔍 Đang quét hòm thư 'INBOX' tìm thư chưa đọc...
[2026-09-19 12:30:22] [BLANK] 
[2026-09-19 12:30:23] [INFO] --- [CHU KỲ #128] ---
[2026-09-19 12:30:23] [BLANK] 
[2026-09-19 12:30:23] [EMAIL] [2026-09-19 12:30:23] 🔍 Đang quét hòm thư 'INBOX' tìm thư chưa đọc...
[2026-09-19 12:30:23] [BLANK] 
[2026-09-19 12:30:24] [EMAIL]     -> Hộp thư sạch sẽ! Không có thư mới chưa đọc.
[2026-09-19 12:30:24] [BLANK] 
[2026-09-19 12:30:24] [INFO] ⏳ Nghỉ 15 giây trước lần quét tiếp theo...
[2026-09-19 12:30:24] [BLANK] 
[2026-09-19 12:30:25] [EMAIL]     -> Hộp thư sạch sẽ! Không có thư mới chưa đọc.
[2026-09-19 12:30:25] [BLANK] 
[2026-09-19 12:30:25] [INFO] ⏳ Nghỉ 15 giây trước lần quét tiếp theo...
[2026-09-19 12:30:25] [BLANK] 
[2026-09-19 12:30:40] [INFO] --- [CHU KỲ #84] ---
[2026-09-19 12:30:40] [BLANK] 
[2026-09-19 12:30:40] [EMAIL] [2026-09-19 12:30:40] 🔍 Đang quét hòm thư 'INBOX' tìm thư chưa đọc...
[2026-09-19 12:30:40] [BLANK] 
[2026-09-19 12:30:40] [INFO] --- [CHU KỲ #129] ---
[2026-09-19 12:30:40] [BLANK] 
[2026-09-19 12:30:40] [EMAIL] [2026-09-19 12:30:40] 🔍 Đang quét hòm thư 'INBOX' tìm thư chưa đọc...
[2026-09-19 12:30:40] [BLANK] 
[2026-09-19 12:30:42] [EMAIL]     -> Hộp thư sạch sẽ! Không có thư mới chưa đọc.
[2026-09-19 12:30:42] [BLANK] 
[2026-09-19 12:30:42] [INFO] ⏳ Nghỉ 15 giây trước lần quét tiếp theo...
[2026-09-19 12:30:42] [BLANK] 
[2026-09-19 12:30:43] [EMAIL]     -> Hộp thư sạch sẽ! Không có thư mới chưa đọc.
[2026-09-19 12:30:43] [BLANK] 
[2026-09-19 12:30:43] [INFO] ⏳ Nghỉ 15 giây trước lần quét tiếp theo...
[2026-09-19 12:30:43] [BLANK] 
[2026-09-19 12:30:57] [INFO] --- [CHU KỲ #85] ---
[2026-09-19 12:30:57] [BLANK] 
[2026-09-19 12:30:57] [EMAIL] [2026-09-19 12:30:57] 🔍 Đang quét hòm thư 'INBOX' tìm thư chưa đọc...
[2026-09-19 12:30:57] [BLANK] 
[2026-09-19 12:30:58] [INFO] --- [CHU KỲ #130] ---
[2026-09-19 12:30:58] [BLANK] 
[2026-09-19 12:30:58] [EMAIL] [2026-09-19 12:30:58] 🔍 Đang quét hòm thư 'INBOX' tìm thư chưa đọc...
[2026-09-19 12:30:58] [BLANK] 
[2026-09-19 12:31:00] [EMAIL]     -> Hộp thư sạch sẽ! Không có thư mới chưa đọc.
[2026-09-19 12:31:00] [BLANK] 
[2026-09-19 12:31:00] [INFO] ⏳ Nghỉ 15 giây trước lần quét tiếp theo...
[2026-09-19 12:31:00] [BLANK] 
[2026-09-19 12:31:00] [EMAIL]     -> Hộp thư sạch sẽ! Không có thư mới chưa đọc.
[2026-09-19 12:31:00] [BLANK] 
[2026-09-19 12:31:00] [INFO] ⏳ Nghỉ 15 giây trước lần quét tiếp theo...
[2026-09-19 12:31:00] [BLANK] 
[2026-09-19 12:31:15] [INFO] --- [CHU KỲ #86] ---
[2026-09-19 12:31:15] [BLANK] 
[2026-09-19 12:31:15] [EMAIL] [2026-09-19 12:31:15] 🔍 Đang quét hòm thư 'INBOX' tìm thư chưa đọc...
[2026-09-19 12:31:15] [BLANK] 
[2026-09-19 12:31:15] [INFO] --- [CHU KỲ #131] ---
[2026-09-19 12:31:15] [BLANK] 
[2026-09-19 12:31:15] [EMAIL] [2026-09-19 12:31:15] 🔍 Đang quét hòm thư 'INBOX' tìm thư chưa đọc...
[2026-09-19 12:31:15] [BLANK] 
[2026-09-19 12:31:17] [EMAIL]     -> Hộp thư sạch sẽ! Không có thư mới chưa đọc.
[2026-09-19 12:31:17] [BLANK] 
[2026-09-19 12:31:17] [INFO] ⏳ Nghỉ 15 giây trước lần quét tiếp theo...
[2026-09-19 12:31:17] [BLANK] 
[2026-09-19 12:31:18] [EMAIL]     -> Hộp thư sạch sẽ! Không có thư mới chưa đọc.
[2026-09-19 12:31:18] [BLANK] 
[2026-09-19 12:31:18] [INFO] ⏳ Nghỉ 15 giây trước lần quét tiếp theo...
[2026-09-19 12:31:18] [BLANK] 
[2026-09-19 12:31:33] [INFO] --- [CHU KỲ #132] ---
[2026-09-19 12:31:33] [BLANK] 
[2026-09-19 12:31:33] [EMAIL] [2026-09-19 12:31:33] 🔍 Đang quét hòm thư 'INBOX' tìm thư chưa đọc...
[2026-09-19 12:31:33] [BLANK] 
[2026-09-19 12:31:33] [INFO] --- [CHU KỲ #87] ---
[2026-09-19 12:31:33] [BLANK] 
[2026-09-19 12:31:33] [EMAIL] [2026-09-19 12:31:33] 🔍 Đang quét hòm thư 'INBOX' tìm thư chưa đọc...
[2026-09-19 12:31:33] [BLANK] 
[2026-09-19 12:31:35] [EMAIL]     -> Hộp thư sạch sẽ! Không có thư mới chưa đọc.
[2026-09-19 12:31:35] [BLANK] 
[2026-09-19 12:31:35] [INFO] ⏳ Nghỉ 15 giây trước lần quét tiếp theo...
[2026-09-19 12:31:35] [BLANK] 
[2026-09-19 12:31:35] [EMAIL]     -> Hộp thư sạch sẽ! Không có thư mới chưa đọc.
[2026-09-19 12:31:35] [BLANK] 
[2026-09-19 12:31:35] [INFO] ⏳ Nghỉ 15 giây trước lần quét tiếp theo...
[2026-09-19 12:31:35] [BLANK] 
[2026-09-19 12:31:50] [INFO] --- [CHU KỲ #133] ---
[2026-09-19 12:31:50] [BLANK] 
[2026-09-19 12:31:50] [EMAIL] [2026-09-19 12:31:50] 🔍 Đang quét hòm thư 'INBOX' tìm thư chưa đọc...
[2026-09-19 12:31:50] [BLANK] 
[2026-09-19 12:31:50] [INFO] --- [CHU KỲ #88] ---
[2026-09-19 12:31:50] [BLANK] 
[2026-09-19 12:31:50] [EMAIL] [2026-09-19 12:31:50] 🔍 Đang quét hòm thư 'INBOX' tìm thư chưa đọc...
[2026-09-19 12:31:50] [BLANK] 
[2026-09-19 12:31:52] [EMAIL]     -> Hộp thư sạch sẽ! Không có thư mới chưa đọc.
[2026-09-19 12:31:52] [BLANK] 
[2026-09-19 12:31:52] [INFO] ⏳ Nghỉ 15 giây trước lần quét tiếp theo...
[2026-09-19 12:31:52] [BLANK] 
[2026-09-19 12:31:53] [EMAIL]     -> Hộp thư sạch sẽ! Không có thư mới chưa đọc.
[2026-09-19 12:31:53] [BLANK] 
[2026-09-19 12:31:53] [INFO] ⏳ Nghỉ 15 giây trước lần quét tiếp theo...
[2026-09-19 12:31:53] [BLANK] 
[2026-09-19 12:32:07] [INFO] --- [CHU KỲ #134] ---
[2026-09-19 12:32:07] [BLANK] 
[2026-09-19 12:32:07] [EMAIL] [2026-09-19 12:32:07] 🔍 Đang quét hòm thư 'INBOX' tìm thư chưa đọc...
[2026-09-19 12:32:07] [BLANK] 
[2026-09-19 12:32:08] [INFO] --- [CHU KỲ #89] ---
[2026-09-19 12:32:08] [BLANK] 
[2026-09-19 12:32:08] [EMAIL] [2026-09-19 12:32:08] 🔍 Đang quét hòm thư 'INBOX' tìm thư chưa đọc...
[2026-09-19 12:32:08] [BLANK] 
[2026-09-19 12:32:09] [EMAIL]     -> Hộp thư sạch sẽ! Không có thư mới chưa đọc.
[2026-09-19 12:32:09] [BLANK] 
[2026-09-19 12:32:09] [INFO] ⏳ Nghỉ 15 giây trước lần quét tiếp theo...
[2026-09-19 12:32:09] [BLANK] 
[2026-09-19 12:32:10] [EMAIL]     -> Hộp thư sạch sẽ! Không có thư mới chưa đọc.
[2026-09-19 12:32:10] [BLANK] 
[2026-09-19 12:32:10] [INFO] ⏳ Nghỉ 15 giây trước lần quét tiếp theo...
[2026-09-19 12:32:10] [BLANK] 
[2026-09-19 12:32:25] [INFO] --- [CHU KỲ #135] ---
[2026-09-19 12:32:25] [BLANK] 
[2026-09-19 12:32:25] [EMAIL] [2026-09-19 12:32:25] 🔍 Đang quét hòm thư 'INBOX' tìm thư chưa đọc...
[2026-09-19 12:32:25] [BLANK] 
[2026-09-19 12:32:25] [INFO] --- [CHU KỲ #90] ---
[2026-09-19 12:32:25] [BLANK] 
[2026-09-19 12:32:25] [EMAIL] [2026-09-19 12:32:25] 🔍 Đang quét hòm thư 'INBOX' tìm thư chưa đọc...
[2026-09-19 12:32:25] [BLANK] 
[2026-09-19 12:32:27] [EMAIL]     -> Hộp thư sạch sẽ! Không có thư mới chưa đọc.
[2026-09-19 12:32:27] [BLANK] 
[2026-09-19 12:32:27] [INFO] ⏳ Nghỉ 15 giây trước lần quét tiếp theo...
[2026-09-19 12:32:27] [BLANK] 
[2026-09-19 12:32:27] [EMAIL]     -> Hộp thư sạch sẽ! Không có thư mới chưa đọc.
[2026-09-19 12:32:27] [BLANK] 
[2026-09-19 12:32:27] [INFO] ⏳ Nghỉ 15 giây trước lần quét tiếp theo...
[2026-09-19 12:32:27] [BLANK] 
[2026-09-19 12:32:42] [INFO] --- [CHU KỲ #136] ---
[2026-09-19 12:32:42] [BLANK] 
[2026-09-19 12:32:42] [EMAIL] [2026-09-19 12:32:42] 🔍 Đang quét hòm thư 'INBOX' tìm thư chưa đọc...
[2026-09-19 12:32:42] [BLANK] 
[2026-09-19 12:32:42] [INFO] --- [CHU KỲ #91] ---
[2026-09-19 12:32:42] [BLANK] 
[2026-09-19 12:32:42] [EMAIL] [2026-09-19 12:32:42] 🔍 Đang quét hòm thư 'INBOX' tìm thư chưa đọc...
[2026-09-19 12:32:42] [BLANK] 
[2026-09-19 12:32:44] [EMAIL]     -> Hộp thư sạch sẽ! Không có thư mới chưa đọc.
[2026-09-19 12:32:44] [BLANK] 
[2026-09-19 12:32:44] [INFO] ⏳ Nghỉ 15 giây trước lần quét tiếp theo...
[2026-09-19 12:32:44] [BLANK] 
[2026-09-19 12:32:45] [EMAIL]     -> Hộp thư sạch sẽ! Không có thư mới chưa đọc.
[2026-09-19 12:32:45] [BLANK] 
[2026-09-19 12:32:45] [INFO] ⏳ Nghỉ 15 giây trước lần quét tiếp theo...
[2026-09-19 12:32:45] [BLANK] 
[2026-09-19 12:32:59] [INFO] --- [CHU KỲ #137] ---
[2026-09-19 12:32:59] [BLANK] 
[2026-09-19 12:32:59] [EMAIL] [2026-09-19 12:32:59] 🔍 Đang quét hòm thư 'INBOX' tìm thư chưa đọc...
[2026-09-19 12:32:59] [BLANK] 
[2026-09-19 12:33:00] [INFO] --- [CHU KỲ #92] ---
[2026-09-19 12:33:00] [BLANK] 
[2026-09-19 12:33:00] [EMAIL] [2026-09-19 12:33:00] 🔍 Đang quét hòm thư 'INBOX' tìm thư chưa đọc...
[2026-09-19 12:33:00] [BLANK] 
[2026-09-19 12:33:01] [EMAIL]     -> Hộp thư sạch sẽ! Không có thư mới chưa đọc.
[2026-09-19 12:33:01] [BLANK] 
[2026-09-19 12:33:01] [INFO] ⏳ Nghỉ 15 giây trước lần quét tiếp theo...
[2026-09-19 12:33:01] [BLANK] 
[2026-09-19 12:33:02] [EMAIL]     -> Hộp thư sạch sẽ! Không có thư mới chưa đọc.
[2026-09-19 12:33:02] [BLANK] 
[2026-09-19 12:33:02] [INFO] ⏳ Nghỉ 15 giây trước lần quét tiếp theo...
[2026-09-19 12:33:02] [BLANK] 
[2026-09-19 12:33:16] [INFO] --- [CHU KỲ #138] ---
[2026-09-19 12:33:16] [BLANK] 
[2026-09-19 12:33:16] [EMAIL] [2026-09-19 12:33:16] 🔍 Đang quét hòm thư 'INBOX' tìm thư chưa đọc...
[2026-09-19 12:33:16] [BLANK] 
[2026-09-19 12:33:17] [INFO] --- [CHU KỲ #93] ---
[2026-09-19 12:33:17] [BLANK] 
[2026-09-19 12:33:17] [EMAIL] [2026-09-19 12:33:17] 🔍 Đang quét hòm thư 'INBOX' tìm thư chưa đọc...
[2026-09-19 12:33:17] [BLANK] 
[2026-09-19 12:33:18] [EMAIL]     -> Hộp thư sạch sẽ! Không có thư mới chưa đọc.
[2026-09-19 12:33:18] [BLANK] 
[2026-09-19 12:33:19] [INFO] ⏳ Nghỉ 15 giây trước lần quét tiếp theo...
[2026-09-19 12:33:19] [BLANK] 
[2026-09-19 12:33:19] [EMAIL]     -> Hộp thư sạch sẽ! Không có thư mới chưa đọc.
[2026-09-19 12:33:19] [BLANK] 
[2026-09-19 12:33:19] [INFO] ⏳ Nghỉ 15 giây trước lần quét tiếp theo...
[2026-09-19 12:33:19] [BLANK] 
[2026-09-19 12:33:34] [INFO] --- [CHU KỲ #139] ---
[2026-09-19 12:33:34] [BLANK] 
[2026-09-19 12:33:34] [EMAIL] [2026-09-19 12:33:34] 🔍 Đang quét hòm thư 'INBOX' tìm thư chưa đọc...
[2026-09-19 12:33:34] [BLANK] 
[2026-09-19 12:33:34] [INFO] --- [CHU KỲ #94] ---
[2026-09-19 12:33:34] [BLANK] 
[2026-09-19 12:33:34] [EMAIL] [2026-09-19 12:33:34] 🔍 Đang quét hòm thư 'INBOX' tìm thư chưa đọc...
[2026-09-19 12:33:34] [BLANK] 
[2026-09-19 12:33:36] [EMAIL]     -> Hộp thư sạch sẽ! Không có thư mới chưa đọc.
[2026-09-19 12:33:36] [BLANK] 
[2026-09-19 12:33:36] [INFO] ⏳ Nghỉ 15 giây trước lần quét tiếp theo...
[2026-09-19 12:33:36] [BLANK] 
[2026-09-19 12:33:36] [EMAIL]     -> Hộp thư sạch sẽ! Không có thư mới chưa đọc.
[2026-09-19 12:33:36] [BLANK] 
[2026-09-19 12:33:36] [INFO] ⏳ Nghỉ 15 giây trước lần quét tiếp theo...
[2026-09-19 12:33:36] [BLANK] 
[2026-09-19 12:33:51] [INFO] --- [CHU KỲ #95] ---
[2026-09-19 12:33:51] [BLANK] 
[2026-09-19 12:33:51] [EMAIL] [2026-09-19 12:33:51] 🔍 Đang quét hòm thư 'INBOX' tìm thư chưa đọc...
[2026-09-19 12:33:51] [BLANK] 
[2026-09-19 12:33:51] [INFO] --- [CHU KỲ #140] ---
[2026-09-19 12:33:51] [BLANK] 
[2026-09-19 12:33:51] [EMAIL] [2026-09-19 12:33:51] 🔍 Đang quét hòm thư 'INBOX' tìm thư chưa đọc...
[2026-09-19 12:33:51] [BLANK] 
[2026-09-19 12:33:53] [EMAIL]     -> Hộp thư sạch sẽ! Không có thư mới chưa đọc.
[2026-09-19 12:33:53] [BLANK] 
[2026-09-19 12:33:53] [INFO] ⏳ Nghỉ 15 giây trước lần quét tiếp theo...
[2026-09-19 12:33:53] [BLANK] 
[2026-09-19 12:33:53] [EMAIL]     -> Hộp thư sạch sẽ! Không có thư mới chưa đọc.
[2026-09-19 12:33:53] [BLANK] 
[2026-09-19 12:33:53] [INFO] ⏳ Nghỉ 15 giây trước lần quét tiếp theo...
[2026-09-19 12:33:53] [BLANK] 
[2026-09-19 12:34:08] [INFO] --- [CHU KỲ #96] ---
[2026-09-19 12:34:08] [BLANK] 
[2026-09-19 12:34:08] [EMAIL] [2026-09-19 12:34:08] 🔍 Đang quét hòm thư 'INBOX' tìm thư chưa đọc...
[2026-09-19 12:34:08] [BLANK] 
[2026-09-19 12:34:08] [INFO] --- [CHU KỲ #141] ---
[2026-09-19 12:34:08] [BLANK] 
[2026-09-19 12:34:08] [EMAIL] [2026-09-19 12:34:08] 🔍 Đang quét hòm thư 'INBOX' tìm thư chưa đọc...
[2026-09-19 12:34:08] [BLANK] 
[2026-09-19 12:34:10] [EMAIL]     -> Hộp thư sạch sẽ! Không có thư mới chưa đọc.
[2026-09-19 12:34:10] [BLANK] 
[2026-09-19 12:34:10] [INFO] ⏳ Nghỉ 15 giây trước lần quét tiếp theo...
[2026-09-19 12:34:10] [BLANK] 
[2026-09-19 12:34:10] [EMAIL]     -> Hộp thư sạch sẽ! Không có thư mới chưa đọc.
[2026-09-19 12:34:10] [BLANK] 
[2026-09-19 12:34:10] [INFO] ⏳ Nghỉ 15 giây trước lần quét tiếp theo...
[2026-09-19 12:34:10] [BLANK] 
[2026-09-19 12:34:25] [INFO] --- [CHU KỲ #97] ---
[2026-09-19 12:34:25] [BLANK] 
[2026-09-19 12:34:25] [EMAIL] [2026-09-19 12:34:25] 🔍 Đang quét hòm thư 'INBOX' tìm thư chưa đọc...
[2026-09-19 12:34:25] [BLANK] 
[2026-09-19 12:34:25] [INFO] --- [CHU KỲ #142] ---
[2026-09-19 12:34:25] [BLANK] 
[2026-09-19 12:34:25] [EMAIL] [2026-09-19 12:34:25] 🔍 Đang quét hòm thư 'INBOX' tìm thư chưa đọc...
[2026-09-19 12:34:25] [BLANK] 
[2026-09-19 12:34:27] [EMAIL]     -> Hộp thư sạch sẽ! Không có thư mới chưa đọc.
[2026-09-19 12:34:27] [BLANK] 
[2026-09-19 12:34:27] [INFO] ⏳ Nghỉ 15 giây trước lần quét tiếp theo...
[2026-09-19 12:34:27] [BLANK] 
[2026-09-19 12:34:27] [EMAIL]     -> Hộp thư sạch sẽ! Không có thư mới chưa đọc.
[2026-09-19 12:34:27] [BLANK] 
[2026-09-19 12:34:27] [INFO] ⏳ Nghỉ 15 giây trước lần quét tiếp theo...
[2026-09-19 12:34:27] [BLANK] 
[2026-09-19 12:34:42] [INFO] --- [CHU KỲ #98] ---
[2026-09-19 12:34:42] [BLANK] 
[2026-09-19 12:34:42] [EMAIL] [2026-09-19 12:34:42] 🔍 Đang quét hòm thư 'INBOX' tìm thư chưa đọc...
[2026-09-19 12:34:42] [BLANK] 
[2026-09-19 12:34:43] [INFO] --- [CHU KỲ #143] ---
[2026-09-19 12:34:43] [BLANK] 
[2026-09-19 12:34:43] [EMAIL] [2026-09-19 12:34:43] 🔍 Đang quét hòm thư 'INBOX' tìm thư chưa đọc...
[2026-09-19 12:34:43] [BLANK] 
[2026-09-19 12:34:44] [EMAIL]     -> Hộp thư sạch sẽ! Không có thư mới chưa đọc.
[2026-09-19 12:34:44] [BLANK] 
[2026-09-19 12:34:44] [INFO] ⏳ Nghỉ 15 giây trước lần quét tiếp theo...
[2026-09-19 12:34:44] [BLANK] 
[2026-09-19 12:34:45] [EMAIL]     -> Hộp thư sạch sẽ! Không có thư mới chưa đọc.
[2026-09-19 12:34:45] [BLANK] 
[2026-09-19 12:34:45] [INFO] ⏳ Nghỉ 15 giây trước lần quét tiếp theo...
[2026-09-19 12:34:45] [BLANK] 
[2026-09-19 12:35:00] [INFO] --- [CHU KỲ #99] ---
[2026-09-19 12:35:00] [BLANK] 
[2026-09-19 12:35:00] [EMAIL] [2026-09-19 12:35:00] 🔍 Đang quét hòm thư 'INBOX' tìm thư chưa đọc...
[2026-09-19 12:35:00] [BLANK] 
[2026-09-19 12:35:00] [INFO] --- [CHU KỲ #144] ---
[2026-09-19 12:35:00] [BLANK] 
[2026-09-19 12:35:00] [EMAIL] [2026-09-19 12:35:00] 🔍 Đang quét hòm thư 'INBOX' tìm thư chưa đọc...
[2026-09-19 12:35:00] [BLANK] 
[2026-09-19 12:35:02] [EMAIL]     -> Hộp thư sạch sẽ! Không có thư mới chưa đọc.
[2026-09-19 12:35:02] [BLANK] 
[2026-09-19 12:35:02] [INFO] ⏳ Nghỉ 15 giây trước lần quét tiếp theo...
[2026-09-19 12:35:02] [BLANK] 
[2026-09-19 12:35:02] [EMAIL]     -> Hộp thư sạch sẽ! Không có thư mới chưa đọc.
[2026-09-19 12:35:02] [BLANK] 
[2026-09-19 12:35:02] [INFO] ⏳ Nghỉ 15 giây trước lần quét tiếp theo...
[2026-09-19 12:35:02] [BLANK] 
[2026-09-19 12:35:17] [INFO] --- [CHU KỲ #145] ---
[2026-09-19 12:35:17] [INFO] --- [CHU KỲ #100] ---
[2026-09-19 12:35:17] [BLANK] 
[2026-09-19 12:35:17] [EMAIL] [2026-09-19 12:35:17] 🔍 Đang quét hòm thư 'INBOX' tìm thư chưa đọc...
[2026-09-19 12:35:17] [EMAIL] [2026-09-19 12:35:17] 🔍 Đang quét hòm thư 'INBOX' tìm thư chưa đọc...
[2026-09-19 12:35:17] [BLANK] 
[2026-09-19 12:35:17] [BLANK] 
[2026-09-19 12:35:20] [EMAIL]     -> Hộp thư sạch sẽ! Không có thư mới chưa đọc.
[2026-09-19 12:35:20] [BLANK] 
[2026-09-19 12:35:20] [INFO] ⏳ Nghỉ 15 giây trước lần quét tiếp theo...
[2026-09-19 12:35:20] [BLANK] 
[2026-09-19 12:35:24] [EMAIL]     -> Hộp thư sạch sẽ! Không có thư mới chưa đọc.
[2026-09-19 12:35:24] [BLANK] 
[2026-09-19 12:35:24] [INFO] ⏳ Nghỉ 15 giây trước lần quét tiếp theo...
[2026-09-19 12:35:24] [BLANK] 
[2026-09-19 12:35:35] [INFO] --- [CHU KỲ #101] ---
[2026-09-19 12:35:35] [BLANK] 
[2026-09-19 12:35:35] [EMAIL] [2026-09-19 12:35:35] 🔍 Đang quét hòm thư 'INBOX' tìm thư chưa đọc...
[2026-09-19 12:35:35] [BLANK] 
[2026-09-19 12:35:37] [EMAIL]     -> Hộp thư sạch sẽ! Không có thư mới chưa đọc.
[2026-09-19 12:35:37] [BLANK] 
[2026-09-19 12:35:37] [INFO] ⏳ Nghỉ 15 giây trước lần quét tiếp theo...
[2026-09-19 12:35:37] [BLANK] 
[2026-09-19 12:35:39] [INFO] --- [CHU KỲ #146] ---
[2026-09-19 12:35:39] [BLANK] 
[2026-09-19 12:35:39] [EMAIL] [2026-09-19 12:35:39] 🔍 Đang quét hòm thư 'INBOX' tìm thư chưa đọc...
[2026-09-19 12:35:39] [BLANK] 
[2026-09-19 12:35:42] [EMAIL]     -> Hộp thư sạch sẽ! Không có thư mới chưa đọc.
[2026-09-19 12:35:42] [BLANK] 
[2026-09-19 12:35:42] [INFO] ⏳ Nghỉ 15 giây trước lần quét tiếp theo...
[2026-09-19 12:35:42] [BLANK] 
[2026-09-19 12:35:52] [INFO] --- [CHU KỲ #102] ---
[2026-09-19 12:35:52] [BLANK] 
[2026-09-19 12:35:52] [EMAIL] [2026-09-19 12:35:52] 🔍 Đang quét hòm thư 'INBOX' tìm thư chưa đọc...
[2026-09-19 12:35:52] [BLANK] 
[2026-09-19 12:35:54] [EMAIL]     -> Hộp thư sạch sẽ! Không có thư mới chưa đọc.
[2026-09-19 12:35:54] [BLANK] 
[2026-09-19 12:35:54] [INFO] ⏳ Nghỉ 15 giây trước lần quét tiếp theo...
[2026-09-19 12:35:54] [BLANK] 
[2026-09-19 12:35:57] [INFO] --- [CHU KỲ #147] ---
[2026-09-19 12:35:57] [BLANK] 
[2026-09-19 12:35:57] [EMAIL] [2026-09-19 12:35:57] 🔍 Đang quét hòm thư 'INBOX' tìm thư chưa đọc...
[2026-09-19 12:35:58] [BLANK] 
[2026-09-19 12:36:01] [EMAIL]     -> Hộp thư sạch sẽ! Không có thư mới chưa đọc.
[2026-09-19 12:36:01] [BLANK] 
[2026-09-19 12:36:01] [INFO] ⏳ Nghỉ 15 giây trước lần quét tiếp theo...
[2026-09-19 12:36:01] [BLANK] 
[2026-09-19 12:36:09] [INFO] --- [CHU KỲ #103] ---
[2026-09-19 12:36:09] [BLANK] 
[2026-09-19 12:36:09] [EMAIL] [2026-09-19 12:36:09] 🔍 Đang quét hòm thư 'INBOX' tìm thư chưa đọc...
[2026-09-19 12:36:10] [BLANK] 
[2026-09-19 12:36:12] [EMAIL]     -> Hộp thư sạch sẽ! Không có thư mới chưa đọc.
[2026-09-19 12:36:12] [BLANK] 
[2026-09-19 12:36:12] [INFO] ⏳ Nghỉ 15 giây trước lần quét tiếp theo...
[2026-09-19 12:36:12] [BLANK] 
[2026-09-19 12:36:16] [INFO] --- [CHU KỲ #148] ---
[2026-09-19 12:36:16] [BLANK] 
[2026-09-19 12:36:16] [EMAIL] [2026-09-19 12:36:16] 🔍 Đang quét hòm thư 'INBOX' tìm thư chưa đọc...
[2026-09-19 12:36:16] [BLANK] 
[2026-09-19 12:36:19] [EMAIL]     -> Hộp thư sạch sẽ! Không có thư mới chưa đọc.
[2026-09-19 12:36:19] [BLANK] 
[2026-09-19 12:36:19] [INFO] ⏳ Nghỉ 15 giây trước lần quét tiếp theo...
[2026-09-19 12:36:19] [BLANK] 
[2026-09-19 12:36:27] [INFO] --- [CHU KỲ #104] ---
[2026-09-19 12:36:27] [BLANK] 
[2026-09-19 12:36:27] [EMAIL] [2026-09-19 12:36:27] 🔍 Đang quét hòm thư 'INBOX' tìm thư chưa đọc...
[2026-09-19 12:36:27] [BLANK] 
[2026-09-19 12:36:29] [EMAIL]     -> Hộp thư sạch sẽ! Không có thư mới chưa đọc.
[2026-09-19 12:36:29] [BLANK] 
[2026-09-19 12:36:29] [INFO] ⏳ Nghỉ 15 giây trước lần quét tiếp theo...
[2026-09-19 12:36:29] [BLANK] 
[2026-09-19 12:36:34] [INFO] --- [CHU KỲ #149] ---
[2026-09-19 12:36:34] [BLANK] 
[2026-09-19 12:36:34] [EMAIL] [2026-09-19 12:36:34] 🔍 Đang quét hòm thư 'INBOX' tìm thư chưa đọc...
[2026-09-19 12:36:34] [BLANK] 
[2026-09-19 12:36:36] [EMAIL]     -> Hộp thư sạch sẽ! Không có thư mới chưa đọc.
[2026-09-19 12:36:36] [BLANK] 
[2026-09-19 12:36:36] [INFO] ⏳ Nghỉ 15 giây trước lần quét tiếp theo...
[2026-09-19 12:36:36] [BLANK] 
[2026-09-19 12:36:44] [INFO] --- [CHU KỲ #105] ---
[2026-09-19 12:36:44] [BLANK] 
[2026-09-19 12:36:44] [EMAIL] [2026-09-19 12:36:44] 🔍 Đang quét hòm thư 'INBOX' tìm thư chưa đọc...
[2026-09-19 12:36:44] [BLANK] 
[2026-09-19 12:36:46] [EMAIL]     -> Hộp thư sạch sẽ! Không có thư mới chưa đọc.
[2026-09-19 12:36:46] [BLANK] 
[2026-09-19 12:36:46] [INFO] ⏳ Nghỉ 15 giây trước lần quét tiếp theo...
[2026-09-19 12:36:46] [BLANK] 
[2026-09-19 12:36:52] [INFO] --- [CHU KỲ #150] ---
[2026-09-19 12:36:52] [BLANK] 
[2026-09-19 12:36:52] [EMAIL] [2026-09-19 12:36:52] 🔍 Đang quét hòm thư 'INBOX' tìm thư chưa đọc...
[2026-09-19 12:36:52] [BLANK] 
[2026-09-19 12:36:54] [EMAIL]     -> Hộp thư sạch sẽ! Không có thư mới chưa đọc.
[2026-09-19 12:36:54] [BLANK] 
[2026-09-19 12:36:54] [INFO] ⏳ Nghỉ 15 giây trước lần quét tiếp theo...
[2026-09-19 12:36:54] [BLANK] 
[2026-09-19 12:37:01] [INFO] --- [CHU KỲ #106] ---
[2026-09-19 12:37:01] [BLANK] 
[2026-09-19 12:37:01] [EMAIL] [2026-09-19 12:37:01] 🔍 Đang quét hòm thư 'INBOX' tìm thư chưa đọc...
[2026-09-19 12:37:01] [BLANK] 
[2026-09-19 12:37:04] [EMAIL]     -> Hộp thư sạch sẽ! Không có thư mới chưa đọc.
[2026-09-19 12:37:04] [BLANK] 
[2026-09-19 12:37:04] [INFO] ⏳ Nghỉ 15 giây trước lần quét tiếp theo...
[2026-09-19 12:37:04] [BLANK] 
[2026-09-19 12:37:09] [INFO] --- [CHU KỲ #151] ---
[2026-09-19 12:37:09] [BLANK] 
[2026-09-19 12:37:09] [EMAIL] [2026-09-19 12:37:09] 🔍 Đang quét hòm thư 'INBOX' tìm thư chưa đọc...
[2026-09-19 12:37:09] [BLANK] 
[2026-09-19 12:37:12] [EMAIL]     -> Hộp thư sạch sẽ! Không có thư mới chưa đọc.
[2026-09-19 12:37:12] [BLANK] 
[2026-09-19 12:37:12] [INFO] ⏳ Nghỉ 15 giây trước lần quét tiếp theo...
[2026-09-19 12:37:12] [BLANK] 
[2026-09-19 12:37:19] [INFO] --- [CHU KỲ #107] ---
[2026-09-19 12:37:19] [BLANK] 
[2026-09-19 12:37:19] [EMAIL] [2026-09-19 12:37:19] 🔍 Đang quét hòm thư 'INBOX' tìm thư chưa đọc...
[2026-09-19 12:37:19] [BLANK] 
[2026-09-19 12:37:21] [EMAIL]     -> Hộp thư sạch sẽ! Không có thư mới chưa đọc.
[2026-09-19 12:37:21] [BLANK] 
[2026-09-19 12:37:21] [INFO] ⏳ Nghỉ 15 giây trước lần quét tiếp theo...
[2026-09-19 12:37:21] [BLANK] 
[2026-09-19 12:37:27] [INFO] --- [CHU KỲ #152] ---
[2026-09-19 12:37:27] [BLANK] 
[2026-09-19 12:37:27] [EMAIL] [2026-09-19 12:37:27] 🔍 Đang quét hòm thư 'INBOX' tìm thư chưa đọc...
[2026-09-19 12:37:27] [BLANK] 
[2026-09-19 12:37:30] [EMAIL]     -> Hộp thư sạch sẽ! Không có thư mới chưa đọc.
[2026-09-19 12:37:30] [BLANK] 
[2026-09-19 12:37:30] [INFO] ⏳ Nghỉ 15 giây trước lần quét tiếp theo...
[2026-09-19 12:37:30] [BLANK] 
[2026-09-19 12:37:36] [INFO] --- [CHU KỲ #108] ---
[2026-09-19 12:37:36] [BLANK] 
[2026-09-19 12:37:36] [EMAIL] [2026-09-19 12:37:36] 🔍 Đang quét hòm thư 'INBOX' tìm thư chưa đọc...
[2026-09-19 12:37:36] [BLANK] 
[2026-09-19 12:37:39] [EMAIL]     -> Hộp thư sạch sẽ! Không có thư mới chưa đọc.
[2026-09-19 12:37:39] [BLANK] 
[2026-09-19 12:37:39] [INFO] ⏳ Nghỉ 15 giây trước lần quét tiếp theo...
[2026-09-19 12:37:39] [BLANK] 
[2026-09-19 12:37:45] [INFO] --- [CHU KỲ #153] ---
[2026-09-19 12:37:45] [BLANK] 
[2026-09-19 12:37:45] [EMAIL] [2026-09-19 12:37:45] 🔍 Đang quét hòm thư 'INBOX' tìm thư chưa đọc...
[2026-09-19 12:37:45] [BLANK] 
[2026-09-19 12:37:47] [EMAIL]     -> Hộp thư sạch sẽ! Không có thư mới chưa đọc.
[2026-09-19 12:37:47] [BLANK] 
[2026-09-19 12:37:47] [INFO] ⏳ Nghỉ 15 giây trước lần quét tiếp theo...
[2026-09-19 12:37:47] [BLANK] 
[2026-09-19 12:37:54] [INFO] --- [CHU KỲ #109] ---
[2026-09-19 12:37:54] [BLANK] 
[2026-09-19 12:37:54] [EMAIL] [2026-09-19 12:37:54] 🔍 Đang quét hòm thư 'INBOX' tìm thư chưa đọc...
[2026-09-19 12:37:54] [BLANK] 
[2026-09-19 12:37:57] [EMAIL]     -> Hộp thư sạch sẽ! Không có thư mới chưa đọc.
[2026-09-19 12:37:57] [BLANK] 
[2026-09-19 12:37:57] [INFO] ⏳ Nghỉ 15 giây trước lần quét tiếp theo...
[2026-09-19 12:37:57] [BLANK] 
[2026-09-19 12:38:02] [INFO] --- [CHU KỲ #154] ---
[2026-09-19 12:38:02] [BLANK] 
[2026-09-19 12:38:02] [EMAIL] [2026-09-19 12:38:02] 🔍 Đang quét hòm thư 'INBOX' tìm thư chưa đọc...
[2026-09-19 12:38:02] [BLANK] 
[2026-09-19 12:38:05] [EMAIL]     -> Hộp thư sạch sẽ! Không có thư mới chưa đọc.
[2026-09-19 12:38:05] [BLANK] 
[2026-09-19 12:38:06] [INFO] ⏳ Nghỉ 15 giây trước lần quét tiếp theo...
[2026-09-19 12:38:06] [BLANK] 
[2026-09-19 12:38:12] [INFO] --- [CHU KỲ #110] ---
[2026-09-19 12:38:12] [BLANK] 
[2026-09-19 12:38:12] [EMAIL] [2026-09-19 12:38:12] 🔍 Đang quét hòm thư 'INBOX' tìm thư chưa đọc...
[2026-09-19 12:38:12] [BLANK] 
[2026-09-19 12:38:15] [EMAIL]     -> Hộp thư sạch sẽ! Không có thư mới chưa đọc.
[2026-09-19 12:38:15] [BLANK] 
[2026-09-19 12:38:15] [INFO] ⏳ Nghỉ 15 giây trước lần quét tiếp theo...
[2026-09-19 12:38:15] [BLANK] 
[2026-09-19 12:38:21] [INFO] --- [CHU KỲ #155] ---
[2026-09-19 12:38:21] [BLANK] 
[2026-09-19 12:38:21] [EMAIL] [2026-09-19 12:38:21] 🔍 Đang quét hòm thư 'INBOX' tìm thư chưa đọc...
[2026-09-19 12:38:21] [BLANK] 
[2026-09-19 12:38:26] [EMAIL]     -> Hộp thư sạch sẽ! Không có thư mới chưa đọc.
[2026-09-19 12:38:26] [BLANK] 
[2026-09-19 12:38:26] [INFO] ⏳ Nghỉ 15 giây trước lần quét tiếp theo...
[2026-09-19 12:38:26] [BLANK] 
[2026-09-19 12:38:30] [INFO] --- [CHU KỲ #111] ---
[2026-09-19 12:38:30] [BLANK] 
[2026-09-19 12:38:30] [EMAIL] [2026-09-19 12:38:30] 🔍 Đang quét hòm thư 'INBOX' tìm thư chưa đọc...
[2026-09-19 12:38:30] [BLANK] 
[2026-09-19 12:38:33] [EMAIL]     -> Hộp thư sạch sẽ! Không có thư mới chưa đọc.
[2026-09-19 12:38:33] [BLANK] 
[2026-09-19 12:38:34] [INFO] ⏳ Nghỉ 15 giây trước lần quét tiếp theo...
[2026-09-19 12:38:34] [BLANK] 
[2026-09-19 12:38:41] [INFO] --- [CHU KỲ #156] ---
[2026-09-19 12:38:41] [BLANK] 
[2026-09-19 12:38:41] [EMAIL] [2026-09-19 12:38:41] 🔍 Đang quét hòm thư 'INBOX' tìm thư chưa đọc...
[2026-09-19 12:38:41] [BLANK] 
[2026-09-19 12:38:44] [EMAIL]     -> Hộp thư sạch sẽ! Không có thư mới chưa đọc.
[2026-09-19 12:38:44] [BLANK] 
[2026-09-19 12:38:44] [INFO] ⏳ Nghỉ 15 giây trước lần quét tiếp theo...
[2026-09-19 12:38:44] [BLANK] 
[2026-09-19 12:38:49] [INFO] --- [CHU KỲ #112] ---
[2026-09-19 12:38:49] [BLANK] 
[2026-09-19 12:38:49] [EMAIL] [2026-09-19 12:38:49] 🔍 Đang quét hòm thư 'INBOX' tìm thư chưa đọc...
[2026-09-19 12:38:49] [BLANK] 
[2026-09-19 12:38:51] [EMAIL]     -> Hộp thư sạch sẽ! Không có thư mới chưa đọc.
[2026-09-19 12:38:51] [BLANK] 
[2026-09-19 12:38:51] [INFO] ⏳ Nghỉ 15 giây trước lần quét tiếp theo...
[2026-09-19 12:38:51] [BLANK] 
[2026-09-19 12:38:59] [INFO] --- [CHU KỲ #157] ---
[2026-09-19 12:38:59] [BLANK] 
[2026-09-19 12:38:59] [EMAIL] [2026-09-19 12:38:59] 🔍 Đang quét hòm thư 'INBOX' tìm thư chưa đọc...
[2026-09-19 12:38:59] [BLANK] 
[2026-09-19 12:39:01] [EMAIL]     -> Hộp thư sạch sẽ! Không có thư mới chưa đọc.
[2026-09-19 12:39:01] [BLANK] 
[2026-09-19 12:39:01] [INFO] ⏳ Nghỉ 15 giây trước lần quét tiếp theo...
[2026-09-19 12:39:01] [BLANK] 
[2026-09-19 12:39:06] [INFO] --- [CHU KỲ #113] ---
[2026-09-19 12:39:06] [BLANK] 
[2026-09-19 12:39:06] [EMAIL] [2026-09-19 12:39:06] 🔍 Đang quét hòm thư 'INBOX' tìm thư chưa đọc...
[2026-09-19 12:39:06] [BLANK] 
[2026-09-19 12:39:09] [EMAIL]     -> Hộp thư sạch sẽ! Không có thư mới chưa đọc.
[2026-09-19 12:39:09] [BLANK] 
[2026-09-19 12:39:09] [INFO] ⏳ Nghỉ 15 giây trước lần quét tiếp theo...
[2026-09-19 12:39:09] [BLANK] 
[2026-09-19 12:39:16] [INFO] --- [CHU KỲ #158] ---
[2026-09-19 12:39:16] [BLANK] 
[2026-09-19 12:39:16] [EMAIL] [2026-09-19 12:39:16] 🔍 Đang quét hòm thư 'INBOX' tìm thư chưa đọc...
[2026-09-19 12:39:16] [BLANK] 
[2026-09-19 12:39:19] [EMAIL]     -> Hộp thư sạch sẽ! Không có thư mới chưa đọc.
[2026-09-19 12:39:19] [BLANK] 
[2026-09-19 12:39:19] [INFO] ⏳ Nghỉ 15 giây trước lần quét tiếp theo...
[2026-09-19 12:39:19] [BLANK] 
[2026-09-19 12:39:24] [INFO] --- [CHU KỲ #114] ---
[2026-09-19 12:39:24] [BLANK] 
[2026-09-19 12:39:24] [EMAIL] [2026-09-19 12:39:24] 🔍 Đang quét hòm thư 'INBOX' tìm thư chưa đọc...
[2026-09-19 12:39:24] [BLANK] 
[2026-09-19 12:39:26] [EMAIL]     -> Hộp thư sạch sẽ! Không có thư mới chưa đọc.
[2026-09-19 12:39:26] [BLANK] 
[2026-09-19 12:39:26] [INFO] ⏳ Nghỉ 15 giây trước lần quét tiếp theo...
[2026-09-19 12:39:26] [BLANK] 
[2026-09-19 12:39:34] [INFO] --- [CHU KỲ #159] ---
[2026-09-19 12:39:34] [BLANK] 
[2026-09-19 12:39:34] [EMAIL] [2026-09-19 12:39:34] 🔍 Đang quét hòm thư 'INBOX' tìm thư chưa đọc...
[2026-09-19 12:39:34] [BLANK] 
[2026-09-19 12:39:37] [EMAIL]     -> Hộp thư sạch sẽ! Không có thư mới chưa đọc.
[2026-09-19 12:39:37] [BLANK] 
[2026-09-19 12:39:37] [INFO] ⏳ Nghỉ 15 giây trước lần quét tiếp theo...
[2026-09-19 12:39:37] [BLANK] 
[2026-09-19 12:39:42] [INFO] --- [CHU KỲ #115] ---
[2026-09-19 12:39:42] [BLANK] 
[2026-09-19 12:39:42] [EMAIL] [2026-09-19 12:39:42] 🔍 Đang quét hòm thư 'INBOX' tìm thư chưa đọc...
[2026-09-19 12:39:42] [BLANK] 
[2026-09-19 12:39:44] [EMAIL]     -> Hộp thư sạch sẽ! Không có thư mới chưa đọc.
[2026-09-19 12:39:44] [BLANK] 
[2026-09-19 12:39:44] [INFO] ⏳ Nghỉ 15 giây trước lần quét tiếp theo...
[2026-09-19 12:39:44] [BLANK] 
[2026-09-19 12:39:52] [INFO] --- [CHU KỲ #160] ---
[2026-09-19 12:39:52] [BLANK] 
[2026-09-19 12:39:52] [EMAIL] [2026-09-19 12:39:52] 🔍 Đang quét hòm thư 'INBOX' tìm thư chưa đọc...
[2026-09-19 12:39:52] [BLANK] 
[2026-09-19 12:39:54] [EMAIL]     -> Hộp thư sạch sẽ! Không có thư mới chưa đọc.
[2026-09-19 12:39:54] [BLANK] 
[2026-09-19 12:39:54] [INFO] ⏳ Nghỉ 15 giây trước lần quét tiếp theo...
[2026-09-19 12:39:54] [BLANK] 
[2026-09-19 12:39:59] [INFO] --- [CHU KỲ #116] ---
[2026-09-19 12:39:59] [BLANK] 
[2026-09-19 12:39:59] [EMAIL] [2026-09-19 12:39:59] 🔍 Đang quét hòm thư 'INBOX' tìm thư chưa đọc...
[2026-09-19 12:39:59] [BLANK] 
[2026-09-19 12:40:02] [EMAIL]     -> Hộp thư sạch sẽ! Không có thư mới chưa đọc.
[2026-09-19 12:40:02] [BLANK] 
[2026-09-19 12:40:02] [INFO] ⏳ Nghỉ 15 giây trước lần quét tiếp theo...
[2026-09-19 12:40:02] [BLANK] 
[2026-09-19 12:40:10] [INFO] --- [CHU KỲ #161] ---
[2026-09-19 12:40:10] [BLANK] 
[2026-09-19 12:40:10] [EMAIL] [2026-09-19 12:40:10] 🔍 Đang quét hòm thư 'INBOX' tìm thư chưa đọc...
[2026-09-19 12:40:10] [BLANK] 
[2026-09-19 12:40:12] [EMAIL]     -> Hộp thư sạch sẽ! Không có thư mới chưa đọc.
[2026-09-19 12:40:12] [BLANK] 
[2026-09-19 12:40:12] [INFO] ⏳ Nghỉ 15 giây trước lần quét tiếp theo...
[2026-09-19 12:40:12] [BLANK] 
[2026-09-19 12:40:17] [INFO] --- [CHU KỲ #117] ---
[2026-09-19 12:40:17] [BLANK] 
[2026-09-19 12:40:17] [EMAIL] [2026-09-19 12:40:17] 🔍 Đang quét hòm thư 'INBOX' tìm thư chưa đọc...
[2026-09-19 12:40:17] [BLANK] 
[2026-09-19 12:40:19] [EMAIL]     -> Hộp thư sạch sẽ! Không có thư mới chưa đọc.
[2026-09-19 12:40:19] [BLANK] 
[2026-09-19 12:40:19] [INFO] ⏳ Nghỉ 15 giây trước lần quét tiếp theo...
[2026-09-19 12:40:19] [BLANK] 
[2026-09-19 12:40:28] [INFO] --- [CHU KỲ #162] ---
[2026-09-19 12:40:28] [BLANK] 
[2026-09-19 12:40:28] [EMAIL] [2026-09-19 12:40:28] 🔍 Đang quét hòm thư 'INBOX' tìm thư chưa đọc...
[2026-09-19 12:40:28] [BLANK] 
[2026-09-19 12:40:30] [ERROR] ❌ [LỖI KẾT NỐI IMAP]: socket error: EOF occurred in violation of protocol (_ssl.c:2427)
[2026-09-19 12:40:30] [BLANK] 
[2026-09-19 12:40:30] [INFO] ⏳ Nghỉ 15 giây trước lần quét tiếp theo...
[2026-09-19 12:40:30] [BLANK] 
[2026-09-19 12:40:34] [INFO] --- [CHU KỲ #118] ---
[2026-09-19 12:40:34] [BLANK] 
[2026-09-19 12:40:35] [EMAIL] [2026-09-19 12:40:34] 🔍 Đang quét hòm thư 'INBOX' tìm thư chưa đọc...
[2026-09-19 12:40:35] [BLANK] 
[2026-09-19 12:40:46] [INFO] --- [CHU KỲ #163] ---
[2026-09-19 12:40:46] [BLANK] 
[2026-09-19 12:40:46] [EMAIL] [2026-09-19 12:40:46] 🔍 Đang quét hòm thư 'INBOX' tìm thư chưa đọc...
[2026-09-19 12:40:46] [BLANK] 
[2026-09-19 12:41:17] [ERROR] ❌ [LỖI KẾT NỐI IMAP]: [WinError 10060] A connection attempt failed because the connected party did not properly respond after a period of time, or established connection failed because connected host has failed to respond
[2026-09-19 12:41:17] [BLANK] 
[2026-09-19 12:41:17] [INFO] ⏳ Nghỉ 15 giây trước lần quét tiếp theo...
[2026-09-19 12:41:17] [BLANK] 
[2026-09-19 12:41:28] [ERROR] ❌ [LỖI KẾT NỐI IMAP]: [WinError 10060] A connection attempt failed because the connected party did not properly respond after a period of time, or established connection failed because connected host has failed to respond
[2026-09-19 12:41:28] [BLANK] 
[2026-09-19 12:41:28] [INFO] ⏳ Nghỉ 15 giây trước lần quét tiếp theo...
[2026-09-19 12:41:28] [BLANK] 
[2026-09-19 12:41:32] [INFO] --- [CHU KỲ #119] ---
[2026-09-19 12:41:32] [BLANK] 
[2026-09-19 12:41:32] [EMAIL] [2026-09-19 12:41:32] 🔍 Đang quét hòm thư 'INBOX' tìm thư chưa đọc...
[2026-09-19 12:41:32] [BLANK] 
[2026-09-19 12:41:43] [INFO] --- [CHU KỲ #164] ---
[2026-09-19 12:41:43] [BLANK] 
[2026-09-19 12:41:43] [EMAIL] [2026-09-19 12:41:43] 🔍 Đang quét hòm thư 'INBOX' tìm thư chưa đọc...
[2026-09-19 12:41:43] [BLANK] 
[2026-09-19 12:42:14] [ERROR] ❌ [LỖI KẾT NỐI IMAP]: [WinError 10060] A connection attempt failed because the connected party did not properly respond after a period of time, or established connection failed because connected host has failed to respond
[2026-09-19 12:42:14] [BLANK] 
[2026-09-19 12:42:14] [INFO] ⏳ Nghỉ 15 giây trước lần quét tiếp theo...
[2026-09-19 12:42:14] [BLANK] 
[2026-09-19 12:42:25] [ERROR] ❌ [LỖI KẾT NỐI IMAP]: [WinError 10060] A connection attempt failed because the connected party did not properly respond after a period of time, or established connection failed because connected host has failed to respond
[2026-09-19 12:42:25] [BLANK] 
[2026-09-19 12:42:25] [INFO] ⏳ Nghỉ 15 giây trước lần quét tiếp theo...
[2026-09-19 12:42:25] [BLANK] 
[2026-09-19 12:42:29] [INFO] --- [CHU KỲ #120] ---
[2026-09-19 12:42:29] [BLANK] 
[2026-09-19 12:42:29] [EMAIL] [2026-09-19 12:42:29] 🔍 Đang quét hòm thư 'INBOX' tìm thư chưa đọc...
[2026-09-19 12:42:29] [BLANK] 
[2026-09-19 12:42:40] [INFO] --- [CHU KỲ #165] ---
[2026-09-19 12:42:40] [BLANK] 
[2026-09-19 12:42:40] [EMAIL] [2026-09-19 12:42:40] 🔍 Đang quét hòm thư 'INBOX' tìm thư chưa đọc...
[2026-09-19 12:42:40] [BLANK] 
[2026-09-19 12:43:11] [ERROR] ❌ [LỖI KẾT NỐI IMAP]: [WinError 10060] A connection attempt failed because the connected party did not properly respond after a period of time, or established connection failed because connected host has failed to respond
[2026-09-19 12:43:11] [BLANK] 
[2026-09-19 12:43:11] [INFO] ⏳ Nghỉ 15 giây trước lần quét tiếp theo...
[2026-09-19 12:43:11] [BLANK] 
[2026-09-19 12:43:22] [ERROR] ❌ [LỖI KẾT NỐI IMAP]: [WinError 10060] A connection attempt failed because the connected party did not properly respond after a period of time, or established connection failed because connected host has failed to respond
[2026-09-19 12:43:22] [BLANK] 
[2026-09-19 12:43:22] [INFO] ⏳ Nghỉ 15 giây trước lần quét tiếp theo...
[2026-09-19 12:43:22] [BLANK] 
[2026-09-19 12:43:26] [INFO] --- [CHU KỲ #121] ---
[2026-09-19 12:43:26] [BLANK] 
[2026-09-19 12:43:26] [EMAIL] [2026-09-19 12:43:26] 🔍 Đang quét hòm thư 'INBOX' tìm thư chưa đọc...
[2026-09-19 12:43:26] [BLANK] 
[2026-09-19 12:43:37] [INFO] --- [CHU KỲ #166] ---
[2026-09-19 12:43:37] [BLANK] 
[2026-09-19 12:43:37] [EMAIL] [2026-09-19 12:43:37] 🔍 Đang quét hòm thư 'INBOX' tìm thư chưa đọc...
[2026-09-19 12:43:37] [BLANK] 
[2026-09-19 12:44:08] [ERROR] ❌ [LỖI KẾT NỐI IMAP]: [WinError 10060] A connection attempt failed because the connected party did not properly respond after a period of time, or established connection failed because connected host has failed to respond
[2026-09-19 12:44:08] [BLANK] 
[2026-09-19 12:44:08] [INFO] ⏳ Nghỉ 15 giây trước lần quét tiếp theo...
[2026-09-19 12:44:08] [BLANK] 
[2026-09-19 12:44:20] [ERROR] ❌ [LỖI KẾT NỐI IMAP]: [WinError 10060] A connection attempt failed because the connected party did not properly respond after a period of time, or established connection failed because connected host has failed to respond
[2026-09-19 12:44:20] [BLANK] 
[2026-09-19 12:44:20] [INFO] ⏳ Nghỉ 15 giây trước lần quét tiếp theo...
[2026-09-19 12:44:20] [BLANK] 
[2026-09-19 12:44:24] [INFO] --- [CHU KỲ #122] ---
[2026-09-19 12:44:24] [BLANK] 
[2026-09-19 12:44:24] [EMAIL] [2026-09-19 12:44:24] 🔍 Đang quét hòm thư 'INBOX' tìm thư chưa đọc...
[2026-09-19 12:44:24] [BLANK] 
[2026-09-19 12:44:35] [INFO] --- [CHU KỲ #167] ---
[2026-09-19 12:44:35] [BLANK] 
[2026-09-19 12:44:35] [EMAIL] [2026-09-19 12:44:35] 🔍 Đang quét hòm thư 'INBOX' tìm thư chưa đọc...
[2026-09-19 12:44:35] [BLANK] 
[2026-09-19 12:45:06] [ERROR] ❌ [LỖI KẾT NỐI IMAP]: [WinError 10060] A connection attempt failed because the connected party did not properly respond after a period of time, or established connection failed because connected host has failed to respond
[2026-09-19 12:45:06] [BLANK] 
[2026-09-19 12:45:06] [INFO] ⏳ Nghỉ 15 giây trước lần quét tiếp theo...
[2026-09-19 12:45:06] [BLANK] 
[2026-09-19 12:45:17] [ERROR] ❌ [LỖI KẾT NỐI IMAP]: [WinError 10060] A connection attempt failed because the connected party did not properly respond after a period of time, or established connection failed because connected host has failed to respond
[2026-09-19 12:45:17] [BLANK] 
[2026-09-19 12:45:17] [INFO] ⏳ Nghỉ 15 giây trước lần quét tiếp theo...
[2026-09-19 12:45:17] [BLANK] 
[2026-09-19 12:45:21] [INFO] --- [CHU KỲ #123] ---
[2026-09-19 12:45:21] [BLANK] 
[2026-09-19 12:45:21] [EMAIL] [2026-09-19 12:45:21] 🔍 Đang quét hòm thư 'INBOX' tìm thư chưa đọc...
[2026-09-19 12:45:21] [BLANK] 
[2026-09-19 12:45:32] [INFO] --- [CHU KỲ #168] ---
[2026-09-19 12:45:32] [BLANK] 
[2026-09-19 12:45:32] [EMAIL] [2026-09-19 12:45:32] 🔍 Đang quét hòm thư 'INBOX' tìm thư chưa đọc...
[2026-09-19 12:45:32] [BLANK] 
[2026-09-19 12:46:03] [ERROR] ❌ [LỖI KẾT NỐI IMAP]: [WinError 10060] A connection attempt failed because the connected party did not properly respond after a period of time, or established connection failed because connected host has failed to respond
[2026-09-19 12:46:03] [BLANK] 
[2026-09-19 12:46:03] [INFO] ⏳ Nghỉ 15 giây trước lần quét tiếp theo...
[2026-09-19 12:46:03] [BLANK] 
[2026-09-19 12:46:14] [ERROR] ❌ [LỖI KẾT NỐI IMAP]: [WinError 10060] A connection attempt failed because the connected party did not properly respond after a period of time, or established connection failed because connected host has failed to respond
[2026-09-19 12:46:14] [BLANK] 
[2026-09-19 12:46:14] [INFO] ⏳ Nghỉ 15 giây trước lần quét tiếp theo...
[2026-09-19 12:46:14] [BLANK] 
[2026-09-19 12:46:18] [INFO] --- [CHU KỲ #124] ---
[2026-09-19 12:46:18] [BLANK] 
[2026-09-19 12:46:18] [EMAIL] [2026-09-19 12:46:18] 🔍 Đang quét hòm thư 'INBOX' tìm thư chưa đọc...
[2026-09-19 12:46:18] [BLANK] 
[2026-09-19 12:46:29] [INFO] --- [CHU KỲ #169] ---
[2026-09-19 12:46:29] [BLANK] 
[2026-09-19 12:46:29] [EMAIL] [2026-09-19 12:46:29] 🔍 Đang quét hòm thư 'INBOX' tìm thư chưa đọc...
[2026-09-19 12:46:29] [BLANK] 
[2026-09-19 12:47:00] [ERROR] ❌ [LỖI KẾT NỐI IMAP]: [WinError 10060] A connection attempt failed because the connected party did not properly respond after a period of time, or established connection failed because connected host has failed to respond
[2026-09-19 12:47:00] [BLANK] 
[2026-09-19 12:47:00] [INFO] ⏳ Nghỉ 15 giây trước lần quét tiếp theo...
[2026-09-19 12:47:00] [BLANK] 
[2026-09-19 12:47:11] [ERROR] ❌ [LỖI KẾT NỐI IMAP]: [WinError 10060] A connection attempt failed because the connected party did not properly respond after a period of time, or established connection failed because connected host has failed to respond
[2026-09-19 12:47:11] [BLANK] 
[2026-09-19 12:47:11] [INFO] ⏳ Nghỉ 15 giây trước lần quét tiếp theo...
[2026-09-19 12:47:11] [BLANK] 
[2026-09-19 12:47:15] [INFO] --- [CHU KỲ #125] ---
[2026-09-19 12:47:15] [BLANK] 
[2026-09-19 12:47:15] [EMAIL] [2026-09-19 12:47:15] 🔍 Đang quét hòm thư 'INBOX' tìm thư chưa đọc...
[2026-09-19 12:47:15] [BLANK] 
[2026-09-19 12:47:26] [INFO] --- [CHU KỲ #170] ---
[2026-09-19 12:47:26] [BLANK] 
[2026-09-19 12:47:26] [EMAIL] [2026-09-19 12:47:26] 🔍 Đang quét hòm thư 'INBOX' tìm thư chưa đọc...
[2026-09-19 12:47:26] [BLANK] 
[2026-09-19 12:47:57] [ERROR] ❌ [LỖI KẾT NỐI IMAP]: [WinError 10060] A connection attempt failed because the connected party did not properly respond after a period of time, or established connection failed because connected host has failed to respond
[2026-09-19 12:47:57] [BLANK] 
[2026-09-19 12:47:57] [INFO] ⏳ Nghỉ 15 giây trước lần quét tiếp theo...
[2026-09-19 12:47:57] [BLANK] 
[2026-09-19 12:48:08] [ERROR] ❌ [LỖI KẾT NỐI IMAP]: [WinError 10060] A connection attempt failed because the connected party did not properly respond after a period of time, or established connection failed because connected host has failed to respond
[2026-09-19 12:48:08] [BLANK] 
[2026-09-19 12:48:08] [INFO] ⏳ Nghỉ 15 giây trước lần quét tiếp theo...
[2026-09-19 12:48:08] [BLANK] 
[2026-09-19 12:48:12] [INFO] --- [CHU KỲ #126] ---
[2026-09-19 12:48:12] [BLANK] 
[2026-09-19 12:48:12] [EMAIL] [2026-09-19 12:48:12] 🔍 Đang quét hòm thư 'INBOX' tìm thư chưa đọc...
[2026-09-19 12:48:12] [BLANK] 
[2026-09-19 12:48:23] [INFO] --- [CHU KỲ #171] ---
[2026-09-19 12:48:23] [BLANK] 
[2026-09-19 12:48:23] [EMAIL] [2026-09-19 12:48:23] 🔍 Đang quét hòm thư 'INBOX' tìm thư chưa đọc...
[2026-09-19 12:48:23] [BLANK] 
[2026-09-19 12:48:55] [ERROR] ❌ [LỖI KẾT NỐI IMAP]: [WinError 10060] A connection attempt failed because the connected party did not properly respond after a period of time, or established connection failed because connected host has failed to respond
[2026-09-19 12:48:55] [BLANK] 
[2026-09-19 12:48:55] [INFO] ⏳ Nghỉ 15 giây trước lần quét tiếp theo...
[2026-09-19 12:48:55] [BLANK] 
[2026-09-19 12:49:06] [ERROR] ❌ [LỖI KẾT NỐI IMAP]: [WinError 10060] A connection attempt failed because the connected party did not properly respond after a period of time, or established connection failed because connected host has failed to respond
[2026-09-19 12:49:06] [BLANK] 
[2026-09-19 12:49:06] [INFO] ⏳ Nghỉ 15 giây trước lần quét tiếp theo...
[2026-09-19 12:49:06] [BLANK] 
[2026-09-19 12:49:10] [INFO] --- [CHU KỲ #127] ---
[2026-09-19 12:49:10] [BLANK] 
[2026-09-19 12:49:10] [EMAIL] [2026-09-19 12:49:10] 🔍 Đang quét hòm thư 'INBOX' tìm thư chưa đọc...
[2026-09-19 12:49:10] [BLANK] 
[2026-09-19 12:49:21] [INFO] --- [CHU KỲ #172] ---
[2026-09-19 12:49:21] [BLANK] 
[2026-09-19 12:49:21] [EMAIL] [2026-09-19 12:49:21] 🔍 Đang quét hòm thư 'INBOX' tìm thư chưa đọc...
[2026-09-19 12:49:21] [BLANK] 
[2026-09-19 12:49:52] [ERROR] ❌ [LỖI KẾT NỐI IMAP]: [WinError 10060] A connection attempt failed because the connected party did not properly respond after a period of time, or established connection failed because connected host has failed to respond
[2026-09-19 12:49:52] [BLANK] 
[2026-09-19 12:49:52] [INFO] ⏳ Nghỉ 15 giây trước lần quét tiếp theo...
[2026-09-19 12:49:52] [BLANK] 
[2026-09-19 12:50:03] [ERROR] ❌ [LỖI KẾT NỐI IMAP]: [WinError 10060] A connection attempt failed because the connected party did not properly respond after a period of time, or established connection failed because connected host has failed to respond
[2026-09-19 12:50:03] [BLANK] 
[2026-09-19 12:50:03] [INFO] ⏳ Nghỉ 15 giây trước lần quét tiếp theo...
[2026-09-19 12:50:03] [BLANK] 
[2026-09-19 12:50:07] [INFO] --- [CHU KỲ #128] ---
[2026-09-19 12:50:07] [BLANK] 
[2026-09-19 12:50:07] [EMAIL] [2026-09-19 12:50:07] 🔍 Đang quét hòm thư 'INBOX' tìm thư chưa đọc...
[2026-09-19 12:50:07] [BLANK] 
[2026-09-19 12:50:18] [INFO] --- [CHU KỲ #173] ---
[2026-09-19 12:50:18] [BLANK] 
[2026-09-19 12:50:18] [EMAIL] [2026-09-19 12:50:18] 🔍 Đang quét hòm thư 'INBOX' tìm thư chưa đọc...
[2026-09-19 12:50:18] [BLANK] 
[2026-09-19 12:50:49] [ERROR] ❌ [LỖI KẾT NỐI IMAP]: [WinError 10060] A connection attempt failed because the connected party did not properly respond after a period of time, or established connection failed because connected host has failed to respond
[2026-09-19 12:50:49] [BLANK] 
[2026-09-19 12:50:49] [INFO] ⏳ Nghỉ 15 giây trước lần quét tiếp theo...
[2026-09-19 12:50:49] [BLANK] 
[2026-09-19 12:51:00] [ERROR] ❌ [LỖI KẾT NỐI IMAP]: [WinError 10060] A connection attempt failed because the connected party did not properly respond after a period of time, or established connection failed because connected host has failed to respond
[2026-09-19 12:51:00] [BLANK] 
[2026-09-19 12:51:00] [INFO] ⏳ Nghỉ 15 giây trước lần quét tiếp theo...
[2026-09-19 12:51:00] [BLANK] 
[2026-09-19 12:51:04] [INFO] --- [CHU KỲ #129] ---
[2026-09-19 12:51:04] [BLANK] 
[2026-09-19 12:51:04] [EMAIL] [2026-09-19 12:51:04] 🔍 Đang quét hòm thư 'INBOX' tìm thư chưa đọc...
[2026-09-19 12:51:04] [BLANK] 
[2026-09-19 12:51:15] [INFO] --- [CHU KỲ #174] ---
[2026-09-19 12:51:15] [BLANK] 
[2026-09-19 12:51:15] [EMAIL] [2026-09-19 12:51:15] 🔍 Đang quét hòm thư 'INBOX' tìm thư chưa đọc...
[2026-09-19 12:51:15] [BLANK] 
[2026-09-19 12:51:46] [ERROR] ❌ [LỖI KẾT NỐI IMAP]: [WinError 10060] A connection attempt failed because the connected party did not properly respond after a period of time, or established connection failed because connected host has failed to respond
[2026-09-19 12:51:46] [BLANK] 
[2026-09-19 12:51:46] [INFO] ⏳ Nghỉ 15 giây trước lần quét tiếp theo...
[2026-09-19 12:51:46] [BLANK] 
[2026-09-19 12:51:57] [ERROR] ❌ [LỖI KẾT NỐI IMAP]: [WinError 10060] A connection attempt failed because the connected party did not properly respond after a period of time, or established connection failed because connected host has failed to respond
[2026-09-19 12:51:57] [BLANK] 
[2026-09-19 12:51:57] [INFO] ⏳ Nghỉ 15 giây trước lần quét tiếp theo...
[2026-09-19 12:51:57] [BLANK] 
[2026-09-19 12:52:01] [INFO] --- [CHU KỲ #130] ---
[2026-09-19 12:52:01] [BLANK] 
[2026-09-19 12:52:01] [EMAIL] [2026-09-19 12:52:01] 🔍 Đang quét hòm thư 'INBOX' tìm thư chưa đọc...
[2026-09-19 12:52:01] [BLANK] 
[2026-09-19 12:52:13] [INFO] --- [CHU KỲ #175] ---
[2026-09-19 12:52:13] [BLANK] 
[2026-09-19 12:52:13] [EMAIL] [2026-09-19 12:52:13] 🔍 Đang quét hòm thư 'INBOX' tìm thư chưa đọc...
[2026-09-19 12:52:13] [BLANK] 
[2026-09-19 12:52:44] [ERROR] ❌ [LỖI KẾT NỐI IMAP]: [WinError 10060] A connection attempt failed because the connected party did not properly respond after a period of time, or established connection failed because connected host has failed to respond
[2026-09-19 12:52:44] [BLANK] 
[2026-09-19 12:52:44] [INFO] ⏳ Nghỉ 15 giây trước lần quét tiếp theo...
[2026-09-19 12:52:44] [BLANK] 
[2026-09-19 12:52:55] [ERROR] ❌ [LỖI KẾT NỐI IMAP]: [WinError 10060] A connection attempt failed because the connected party did not properly respond after a period of time, or established connection failed because connected host has failed to respond
[2026-09-19 12:52:55] [BLANK] 
[2026-09-19 12:52:55] [INFO] ⏳ Nghỉ 15 giây trước lần quét tiếp theo...
[2026-09-19 12:52:55] [BLANK] 
[2026-09-19 12:52:59] [INFO] --- [CHU KỲ #131] ---
[2026-09-19 12:52:59] [BLANK] 
[2026-09-19 12:52:59] [EMAIL] [2026-09-19 12:52:59] 🔍 Đang quét hòm thư 'INBOX' tìm thư chưa đọc...
[2026-09-19 12:52:59] [BLANK] 
[2026-09-19 12:53:10] [INFO] --- [CHU KỲ #176] ---
[2026-09-19 12:53:10] [BLANK] 
[2026-09-19 12:53:10] [EMAIL] [2026-09-19 12:53:10] 🔍 Đang quét hòm thư 'INBOX' tìm thư chưa đọc...
[2026-09-19 12:53:10] [BLANK] 
[2026-09-19 12:53:41] [ERROR] ❌ [LỖI KẾT NỐI IMAP]: [WinError 10060] A connection attempt failed because the connected party did not properly respond after a period of time, or established connection failed because connected host has failed to respond
[2026-09-19 12:53:41] [BLANK] 
[2026-09-19 12:53:41] [INFO] ⏳ Nghỉ 15 giây trước lần quét tiếp theo...
[2026-09-19 12:53:41] [BLANK] 
[2026-09-19 12:53:52] [ERROR] ❌ [LỖI KẾT NỐI IMAP]: [WinError 10060] A connection attempt failed because the connected party did not properly respond after a period of time, or established connection failed because connected host has failed to respond
[2026-09-19 12:53:52] [BLANK] 
[2026-09-19 12:53:52] [INFO] ⏳ Nghỉ 15 giây trước lần quét tiếp theo...
[2026-09-19 12:53:52] [BLANK] 
[2026-09-19 12:53:56] [INFO] --- [CHU KỲ #132] ---
[2026-09-19 12:53:56] [BLANK] 
[2026-09-19 12:53:56] [EMAIL] [2026-09-19 12:53:56] 🔍 Đang quét hòm thư 'INBOX' tìm thư chưa đọc...
[2026-09-19 12:53:56] [BLANK] 
[2026-09-19 12:54:07] [INFO] --- [CHU KỲ #177] ---
[2026-09-19 12:54:07] [BLANK] 
[2026-09-19 12:54:07] [EMAIL] [2026-09-19 12:54:07] 🔍 Đang quét hòm thư 'INBOX' tìm thư chưa đọc...
[2026-09-19 12:54:07] [BLANK] 
[2026-09-19 12:54:38] [ERROR] ❌ [LỖI KẾT NỐI IMAP]: [WinError 10060] A connection attempt failed because the connected party did not properly respond after a period of time, or established connection failed because connected host has failed to respond
[2026-09-19 12:54:38] [BLANK] 
[2026-09-19 12:54:38] [INFO] ⏳ Nghỉ 15 giây trước lần quét tiếp theo...
[2026-09-19 12:54:38] [BLANK] 
[2026-09-19 12:54:49] [ERROR] ❌ [LỖI KẾT NỐI IMAP]: [WinError 10060] A connection attempt failed because the connected party did not properly respond after a period of time, or established connection failed because connected host has failed to respond
[2026-09-19 12:54:49] [BLANK] 
[2026-09-19 12:54:49] [INFO] ⏳ Nghỉ 15 giây trước lần quét tiếp theo...
[2026-09-19 12:54:49] [BLANK] 
[2026-09-19 12:54:53] [INFO] --- [CHU KỲ #133] ---
[2026-09-19 12:54:53] [BLANK] 
[2026-09-19 12:54:53] [EMAIL] [2026-09-19 12:54:53] 🔍 Đang quét hòm thư 'INBOX' tìm thư chưa đọc...
[2026-09-19 12:54:53] [BLANK] 
[2026-09-19 12:55:04] [INFO] --- [CHU KỲ #178] ---
[2026-09-19 12:55:04] [BLANK] 
[2026-09-19 12:55:04] [EMAIL] [2026-09-19 12:55:04] 🔍 Đang quét hòm thư 'INBOX' tìm thư chưa đọc...
[2026-09-19 12:55:04] [BLANK] 
[2026-09-19 12:55:35] [ERROR] ❌ [LỖI KẾT NỐI IMAP]: [WinError 10060] A connection attempt failed because the connected party did not properly respond after a period of time, or established connection failed because connected host has failed to respond
[2026-09-19 12:55:35] [BLANK] 
[2026-09-19 12:55:35] [INFO] ⏳ Nghỉ 15 giây trước lần quét tiếp theo...
[2026-09-19 12:55:35] [BLANK] 
